time,biomass,glucose,acetate,oxygen,mu,ug,ua,uo,yield_glucose,yield_acetate,maintenance,alpha,soft_gate,z1,z2,z3,z4
0.0,0.006589478,11.1,0.0,50.0,0.6977053,11.628971,0.0,11.211183,0.06090914,0.033004094,0.00990446,0.27481508,1.8545282e-37,0.0,0.0,0.0,0.0
0.02,0.006682082,11.098457,0.00042416272,49.998512,0.697845,11.630554,6.343555e-39,11.212387,0.060912907,0.03300741,0.009904775,0.27482283,1.8781789e-37,-0.01716383,0.03599439,-0.0029026733,-0.022148622
0.04,0.0067760064,11.096892,0.0008543573,49.997,0.69798195,11.632111,1.283436e-38,11.213573,0.060916573,0.033010688,0.009905081,0.27483085,1.9024653e-37,-0.034324773,0.071989596,-0.0058029694,-0.04429382
0.06,0.0068712696,11.0953045,0.0012906701,49.995472,0.6981163,11.633641,1.9478088e-38,11.214745,0.06092014,0.03301393,0.00990538,0.27483904,1.9274333e-37,-0.051482767,0.10798561,-0.0087008495,-0.066435546
0.08,0.0069678905,11.093695,0.0017331886,49.99392,0.69824785,11.635142,2.6279797e-38,11.2159,0.06092363,0.033017144,0.00990567,0.27484745,1.953042e-37,-0.06863774,0.1439824,-0.011596273,-0.088573754
0.1,0.0070658885,11.092062,0.0021820017,49.992344,0.698377,11.636619,3.324593e-38,11.21704,0.06092703,0.033020325,0.009905953,0.27485612,1.9793682e-37,-0.08578964,0.17997992,-0.014489198,-0.11070839
0.12,0.007165283,11.090405,0.0026371991,49.99075,0.69850326,11.638066,4.0382737e-38,11.2181635,0.060930338,0.03302348,0.009906228,0.27486497,2.0064318e-37,-0.10293839,0.21597815,-0.017379582,-0.1328394
0.14,0.007266094,11.088726,0.0030988725,49.989132,0.69862735,11.639491,4.769597e-38,11.219273,0.06093357,0.03302661,0.009906492,0.27487403,2.0342226e-37,-0.12008393,0.25197706,-0.020267384,-0.15496674
0.16,0.0073683416,11.087023,0.003567114,49.98749,0.69874865,11.640888,5.519322e-38,11.2203665,0.06093672,0.03302972,0.009906748,0.27488336,2.0628075e-37,-0.13722616,0.28797662,-0.023152556,-0.17709035
0.18,0.0074720457,11.085295,0.004042018,49.985825,0.6988677,11.64226,6.2881587e-38,11.221444,0.060939796,0.033032812,0.009906996,0.27489284,2.092209e-37,-0.15436506,0.3239768,-0.02603506,-0.19921018
0.2,0.0075772274,11.083543,0.0045236796,49.984135,0.6989843,11.643605,7.076735e-38,11.222507,0.060942803,0.03303589,0.009907234,0.27490255,2.122418e-37,-0.1715005,0.35997757,-0.02891484,-0.22132616
0.22,0.007683907,11.081766,0.0050121956,49.98242,0.69909865,11.644928,7.885894e-38,11.2235565,0.060945734,0.03303895,0.009907463,0.2749125,2.1534908e-37,-0.18863244,0.39597887,-0.03179186,-0.24343823
0.24,0.007792107,11.079964,0.0055076634,49.980686,0.6992108,11.646226,8.7164884e-38,11.224591,0.0609486,0.033042006,0.0099076815,0.27492264,2.1854682e-37,-0.20576079,0.4319807,-0.03466606,-0.26554635
0.26,0.007901847,11.0781355,0.0060101827,49.978924,0.6993207,11.647499,9.569354e-38,11.225612,0.0609514,0.033045057,0.009907889,0.274933,2.2183774e-37,-0.22288547,0.467983,-0.0375374,-0.28765047
0.28,0.008013151,11.076282,0.006519855,49.97714,0.6994285,11.648748,1.044536e-37,11.226621,0.060954142,0.033048097,0.009908087,0.2749436,2.2522463e-37,-0.24000643,0.50398576,-0.04040583,-0.30975053
0.3,0.008126039,11.074402,0.007036782,49.975327,0.6995339,11.649973,1.134531e-37,11.227613,0.060956813,0.033051137,0.009908274,0.27495438,2.2870857e-37,-0.25712356,0.53998893,-0.043271296,-0.33184645
0.32,0.008240535,11.072495,0.007561066,49.973488,0.6996374,11.6511755,1.2270399e-37,11.228593,0.060959436,0.033054184,0.00990845,0.27496538,2.322978e-37,-0.27423674,0.5759924,-0.04613374,-0.35393813
0.34,0.008356662,11.070561,0.008092815,49.971622,0.69973874,11.652352,1.3221538e-37,11.229561,0.060962,0.033057235,0.009908616,0.2749766,2.3599377e-37,-0.29134595,0.6119963,-0.048993126,-0.3760256
0.36,0.008474442,11.0686,0.008632134,49.969734,0.6998382,11.653508,1.4199744e-37,11.2305155,0.060964514,0.03306029,0.009908769,0.27498806,2.3979974e-37,-0.3084511,0.6480004,-0.051849388,-0.39810872
0.38,0.008593899,11.06661,0.00917913,49.967815,0.69993573,11.654641,1.5206326e-37,11.231458,0.060966976,0.033063363,0.009908911,0.27499974,2.437229e-37,-0.32555202,0.6840047,-0.05470247,-0.42018744
0.4,0.008715057,11.064593,0.009733916,49.96587,0.7000312,11.65575,1.6242176e-37,11.232388,0.060969386,0.033066444,0.00990904,0.27501163,2.4776316e-37,-0.34264868,0.7200093,-0.05755232,-0.44226173
0.42,0.008837939,11.062548,0.010296601,49.963898,0.70012486,11.656837,1.7308713e-37,11.233305,0.06097175,0.033069536,0.009909159,0.27502376,2.5192804e-37,-0.35974097,0.756014,-0.060398877,-0.46433148
0.44,0.008962572,11.0604725,0.010867299,49.9619,0.70021665,11.657902,1.8407185e-37,11.234212,0.06097408,0.033072654,0.009909264,0.2750361,2.562216e-37,-0.37682882,0.79201883,-0.063242085,-0.48639667
0.46,0.009088978,11.058368,0.011446123,49.95987,0.70030665,11.658946,1.9539026e-37,11.235106,0.060976356,0.033075795,0.009909357,0.2750487,2.6064992e-37,-0.39391214,0.82802373,-0.06608189,-0.5084572
0.48,0.009217183,11.056233,0.012033191,49.957813,0.7003949,11.659968,2.070562e-37,11.2359915,0.0609786,0.033078954,0.009909437,0.2750615,2.6521753e-37,-0.41099077,0.8640286,-0.06891822,-0.5305129
0.5,0.009347213,11.054069,0.01262862,49.955727,0.7004814,11.660969,2.1908391e-37,11.236864,0.0609808,0.033082142,0.009909504,0.27507457,2.69929e-37,-0.42806467,0.9000335,-0.07175103,-0.5525639
0.52,0.009479094,11.051873,0.013232528,49.95361,0.70056623,11.661947,2.3148825e-37,11.237726,0.060982972,0.033085365,0.009909559,0.27508786,2.7478918e-37,-0.4451337,0.93603826,-0.07458024,-0.57461
0.54,0.009612852,11.049646,0.01384504,49.951466,0.7006494,11.662904,2.4429027e-37,11.238579,0.06098511,0.033088613,0.0099096,0.2751014,2.7980942e-37,-0.46219778,0.972043,-0.077405795,-0.5966512
0.56,0.009748513,11.047388,0.014466276,49.94929,0.70073086,11.66384,2.5750314e-37,11.239421,0.060987215,0.033091903,0.009909627,0.2751152,2.8499095e-37,-0.47925675,1.0080475,-0.08022763,-0.61868733
0.58,0.009886105,11.045098,0.015096362,49.947083,0.7008108,11.664756,2.7114394e-37,11.240254,0.060989287,0.033095222,0.00990964,0.27512926,2.903393e-37,-0.49631053,1.0440516,-0.08304567,-0.64071834
0.6,0.010025654,11.042775,0.015735425,49.944843,0.700889,11.665649,2.8523717e-37,11.241076,0.06099133,0.033098586,0.009909639,0.27514356,2.9586702e-37,-0.51335907,1.0800557,-0.085859865,-0.6627442
0.62,0.010167189,11.04042,0.01638359,49.942574,0.7009657,11.666523,2.9979772e-37,11.241892,0.060993347,0.033101987,0.009909623,0.27515814,3.015759e-37,-0.5304022,1.1160593,-0.08867013,-0.6847648
0.64,0.010310737,11.038031,0.01704099,49.940273,0.701041,11.6673765,3.148503e-37,11.242697,0.060995344,0.033105437,0.009909594,0.27517298,3.0747703e-37,-0.54743975,1.1520624,-0.091476396,-0.7067801
0.66,0.010456328,11.035607,0.01770776,49.93794,0.7011146,11.668208,3.3041625e-37,11.243494,0.060997307,0.033108927,0.009909551,0.2751881,3.1357735e-37,-0.5644717,1.1880653,-0.09427861,-0.72879
0.68,0.01060399,11.03315,0.018384026,49.93557,0.70118684,11.669021,3.4651786e-37,11.244283,0.060999256,0.033112466,0.009909491,0.27520347,3.1988413e-37,-0.5814979,1.2240674,-0.097076684,-0.75079435
0.7,0.010753753,11.030658,0.01906993,49.933167,0.70125765,11.669812,3.6318118e-37,11.245063,0.061001185,0.033116054,0.0099094175,0.27521914,3.2640737e-37,-0.59851825,1.2600691,-0.09987055,-0.7727931
0.72,0.010905646,11.028131,0.01976561,49.930733,0.7013269,11.670585,3.8043397e-37,11.245835,0.06100309,0.033119697,0.009909327,0.2752351,3.3315768e-37,-0.61553264,1.2960702,-0.102660134,-0.7947863
0.74,0.0110597,11.025567,0.020471202,49.92826,0.7013948,11.671335,3.982993e-37,11.2466,0.06100498,0.033123393,0.009909224,0.27525133,3.4014097e-37,-0.6325408,1.3320705,-0.105445355,-0.8167736
0.76,0.011215945,11.022967,0.021186851,49.925755,0.7014613,11.672067,4.168107e-37,11.247357,0.06100685,0.03312714,0.009909103,0.27526787,3.4737135e-37,-0.64954275,1.36807,-0.10822614,-0.8387551
0.78,0.011374412,11.02033,0.021912698,49.923214,0.70152634,11.672778,4.360006e-37,11.248108,0.061008707,0.03313094,0.009908968,0.27528468,3.5486101e-37,-0.6665383,1.4040687,-0.11100242,-0.86073065
0.8,0.011535133,11.017656,0.022648893,49.920635,0.7015902,11.67347,4.5589324e-37,11.248851,0.061010554,0.0331348,0.009908816,0.2753018,3.6261452e-37,-0.6835274,1.4400666,-0.11377412,-0.88270026
0.82,0.01169814,11.014944,0.02339558,49.918022,0.7016525,11.674143,4.765343e-37,11.249586,0.061012372,0.03313872,0.009908648,0.27531925,3.706533e-37,-0.7005098,1.4760634,-0.11654114,-0.9046637
0.84,0.0118634645,11.012194,0.024152908,49.91537,0.70171344,11.674792,4.9794775e-37,11.250317,0.061014187,0.03314269,0.009908464,0.27533698,3.789802e-37,-0.7174854,1.5120592,-0.119303405,-0.9266209
0.86,0.012031141,11.009404,0.024921035,49.91268,0.7017731,11.675425,5.201803e-37,11.25104,0.06101599,0.033146728,0.0099082645,0.27535504,3.876154e-37,-0.7344542,1.548054,-0.12206085,-0.9485719
0.88,0.012201201,11.006575,0.025700111,49.909954,0.7018316,11.676038,5.432664e-37,11.251758,0.061017774,0.033150822,0.009908048,0.2753734,3.965683e-37,-0.75141585,1.5840476,-0.12481337,-0.97051644
0.9,0.012373679,11.003705,0.026490293,49.90719,0.70188856,11.67663,5.672588e-37,11.25247,0.061019555,0.033154976,0.0099078175,0.27539206,4.058612e-37,-0.76837033,1.6200398,-0.1275609,-0.9924545
0.92,0.012548611,11.000795,0.027291743,49.904385,0.7019442,11.6772,5.921872e-37,11.253176,0.06102132,0.03315919,0.009907568,0.27541107,4.154986e-37,-0.78531754,1.6560309,-0.13030335,-1.014386
0.94,0.012726028,10.997844,0.028104616,49.90154,0.70199865,11.677754,6.1811437e-37,11.253874,0.061023075,0.03316346,0.009907303,0.27543038,4.2550766e-37,-0.8022572,1.6920204,-0.13304062,-1.0363109
0.96,0.012905968,10.99485,0.02892908,49.898655,0.7020518,11.6782875,6.4507885e-37,11.254569,0.061024822,0.033167794,0.009907021,0.27545002,4.358975e-37,-0.81918925,1.7280085,-0.13577265,-1.058229
0.98,0.013088467,10.991815,0.029765302,49.89573,0.70210373,11.6788025,6.7314553e-37,11.255258,0.061026562,0.033172186,0.009906722,0.27546996,4.466943e-37,-0.8361136,1.7639952,-0.13849933,-1.0801402
1.0,0.013273559,10.988736,0.030613445,49.89276,0.70215416,11.679295,7.023582e-37,11.255941,0.061028287,0.033176634,0.009906408,0.27549022,4.5790882e-37,-0.85302997,1.79998,-0.14122058,-1.1020443
1.02,0.013461282,10.985614,0.03147368,49.88975,0.70220333,11.679769,7.327831e-37,11.256619,0.061030004,0.033181142,0.009906077,0.27551082,4.6956606e-37,-0.86993825,1.8359632,-0.1439363,-1.1239414
1.04,0.013651673,10.982447,0.032346185,49.8867,0.70225126,11.6802225,7.644922e-37,11.257293,0.06103171,0.033185706,0.009905729,0.2755317,4.816927e-37,-0.8868384,1.8719447,-0.14664643,-1.1458313
1.06,0.01384477,10.979235,0.03323113,49.883606,0.7022979,11.680658,7.975439e-37,11.257961,0.061033405,0.033190325,0.009905364,0.27555293,4.94306e-37,-0.9037301,1.9079242,-0.14935084,-1.167714
1.08,0.014040613,10.975978,0.034128703,49.880466,0.7023432,11.681073,8.31999e-37,11.258624,0.061035093,0.033194996,0.009904983,0.27557445,5.0742376e-37,-0.9206134,1.943902,-0.15204947,-1.1895894
1.1,0.014239237,10.972674,0.035039067,49.87728,0.7023874,11.681469,8.679604e-37,11.259282,0.061036777,0.03319972,0.009904586,0.27559626,5.2108837e-37,-0.93748796,1.9798776,-0.1547422,-1.2114571
1.12,0.014440684,10.969324,0.035962414,49.87405,0.7024302,11.681846,9.054856e-37,11.259936,0.061038446,0.033204492,0.009904172,0.27561837,5.3531287e-37,-0.9543537,2.015851,-0.15742895,-1.2333173
1.14,0.014644993,10.965926,0.03689893,49.870773,0.70247173,11.682203,9.446686e-37,11.260584,0.061040103,0.03320931,0.009903742,0.27564082,5.501313e-37,-0.9712104,2.0518222,-0.16010964,-1.2551696
1.16,0.014852204,10.962481,0.037848804,49.86745,0.7025118,11.68254,9.856029e-37,11.261227,0.06104175,0.03321417,0.009903296,0.27566352,5.6557567e-37,-0.98805803,2.0877912,-0.16278416,-1.2770141
1.18,0.01506236,10.958985,0.038812224,49.864082,0.7025509,11.68286,1.0283797e-36,11.261867,0.061043385,0.033219073,0.009902834,0.27568653,5.8167545e-37,-1.0048964,2.1237578,-0.16545242,-1.2988508
1.2,0.015275503,10.9554405,0.03978939,49.860664,0.7025886,11.68316,1.0731207e-36,11.2625,0.061045013,0.033224016,0.009902355,0.27570978,5.9847547e-37,-1.0217254,2.159722,-0.16811435,-1.3206794
1.22,0.015491671,10.951846,0.04078049,49.8572,0.702625,11.68344,1.1199055e-36,11.26313,0.06104663,0.033228997,0.009901862,0.2757333,6.1599565e-37,-1.0385447,2.1956835,-0.17076981,-1.3424999
1.24,0.015710909,10.9482,0.04178572,49.853687,0.70266014,11.683702,1.168869e-36,11.263756,0.06104823,0.03323401,0.009901353,0.27575707,6.3428513e-37,-1.0553541,2.2316422,-0.17341873,-1.3643119
1.26,0.015933262,10.944503,0.04280529,49.850124,0.70269394,11.683945,1.2201292e-36,11.264375,0.061049823,0.03323905,0.009900828,0.2757811,6.5338184e-37,-1.0721537,2.2675984,-0.176061,-1.3861157
1.28,0.016158773,10.940753,0.043839402,49.846508,0.7027266,11.684171,1.2738202e-36,11.264991,0.061051395,0.03324412,0.009900289,0.27580535,6.733308e-37,-1.0889431,2.3035517,-0.17869654,-1.407911
1.3,0.016387485,10.936951,0.04488826,49.842842,0.70275795,11.684377,1.3300855e-36,11.265601,0.06105296,0.03324921,0.0098997345,0.27582982,6.941801e-37,-1.1057224,2.3395019,-0.18132524,-1.4296976
1.32,0.016619446,10.933094,0.045952085,49.839123,0.70278794,11.684565,1.3890786e-36,11.266207,0.0610545,0.033254314,0.009899165,0.27585453,7.1598087e-37,-1.1224914,2.3754494,-0.18394703,-1.4514756
1.34,0.016854698,10.929183,0.047031075,49.83535,0.7028168,11.684735,1.4509512e-36,11.266807,0.06105604,0.03325944,0.009898582,0.2758794,7.3878177e-37,-1.1392497,2.4113934,-0.18656178,-1.4732447
1.36,0.01709329,10.925217,0.048125453,49.831524,0.70284426,11.684888,1.5158781e-36,11.267402,0.061057553,0.033264574,0.009897983,0.27590445,7.626404e-37,-1.1559973,2.4473343,-0.1891694,-1.4950048
1.38,0.01733527,10.921194,0.049235437,49.827644,0.7028706,11.685021,1.5840547e-36,11.267995,0.061059058,0.033269715,0.009897371,0.27592966,7.87624e-37,-1.1727339,2.4832718,-0.19176981,-1.5167558
1.4,0.017580684,10.917114,0.05036125,49.82371,0.7028957,11.685141,1.655644e-36,11.2685795,0.061060537,0.033274855,0.009896746,0.27595505,8.137799e-37,-1.1894596,2.5192058,-0.19436291,-1.5384977
1.42,0.017829582,10.912976,0.051503118,49.81972,0.7029194,11.685241,1.7309205e-36,11.26916,0.061062,0.033279993,0.009896107,0.27598053,8.412086e-37,-1.206174,2.5551364,-0.1969486,-1.5602303
1.44,0.018082013,10.90878,0.052661277,49.815674,0.7029421,11.685325,1.8100473e-36,11.269736,0.06106345,0.03328513,0.009895454,0.27600613,8.699533e-37,-1.2228773,2.5910635,-0.1995268,-1.5819535
1.46,0.018338025,10.904525,0.053835943,49.81157,0.7029635,11.685392,1.8932917e-36,11.270308,0.06106488,0.033290252,0.009894789,0.27603182,9.001058e-37,-1.2395688,2.6269867,-0.20209739,-1.6036671
1.48,0.018597668,10.900208,0.05502736,49.807407,0.7029837,11.685443,1.9809153e-36,11.270874,0.061066292,0.03329536,0.009894112,0.27605763,9.317513e-37,-1.2562488,2.6629062,-0.20466028,-1.6253711
1.5,0.018860996,10.895831,0.056235757,49.803185,0.7030027,11.685478,2.0731639e-36,11.271435,0.061067678,0.033300452,0.009893423,0.27608347,9.649655e-37,-1.272917,2.6988215,-0.2072154,-1.6470654
1.52,0.019128058,10.891392,0.057461385,49.798904,0.7030207,11.6855,2.1703827e-36,11.27199,0.06106905,0.03330552,0.009892721,0.27610934,9.998673e-37,-1.2895732,2.7347329,-0.20976263,-1.6687498
1.54,0.019398909,10.886889,0.058704484,49.794563,0.70303744,11.685505,2.2728765e-36,11.27254,0.0610704,0.033310555,0.009892007,0.27613524,1.0365531e-36,-1.3062173,2.7706401,-0.2123019,-1.6904242
1.56,0.019673603,10.882323,0.059965305,49.790157,0.70305306,11.685496,2.3809355e-36,11.273087,0.06107173,0.03331556,0.009891283,0.27616113,1.0751097e-36,-1.3228492,2.806543,-0.21483311,-1.7120885
1.58,0.019952193,10.877693,0.061244104,49.78569,0.7030675,11.6854725,2.4949986e-36,11.273626,0.061073035,0.03332053,0.009890547,0.27618703,1.1156878e-36,-1.3394687,2.842442,-0.21735619,-1.7337427
1.6,0.020234732,10.872997,0.06254113,49.78116,0.70308083,11.685434,2.615405e-36,11.274161,0.06107432,0.033325464,0.0098898,0.2762129,1.15838945e-36,-1.3560756,2.8783362,-0.21987101,-1.7553865
1.62,0.020521278,10.868235,0.06385663,49.77656,0.7030932,11.685384,2.7426169e-36,11.2746935,0.061075587,0.033330355,0.009889043,0.27623868,1.2033679e-36,-1.3726699,2.9142258,-0.22237752,-1.7770199
1.64,0.020811886,10.863405,0.06519088,49.7719,0.70310444,11.68532,2.8770504e-36,11.275218,0.061076824,0.033335198,0.009888275,0.27626443,1.2507511e-36,-1.3892514,2.950111,-0.22487561,-1.7986426
1.66,0.021106614,10.858507,0.066544145,49.767174,0.7031148,11.685244,3.019262e-36,11.275739,0.061078046,0.033339992,0.009887497,0.27629006,1.3007242e-36,-1.4058199,2.9859912,-0.22736521,-1.8202548
1.68,0.02140552,10.853539,0.06791669,49.76238,0.7031239,11.685153,3.1697133e-36,11.276255,0.06107924,0.03334473,0.009886708,0.2763156,1.3534269e-36,-1.4223753,3.0218668,-0.22984624,-1.8418562
1.7,0.021708664,10.848501,0.0693088,49.75752,0.7031323,11.685053,3.3290464e-36,11.276765,0.06108042,0.033349413,0.009885911,0.276341,1.409071e-36,-1.4389176,3.0577376,-0.23231862,-1.863447
1.72,0.022016102,10.843392,0.07072073,49.752586,0.7031397,11.684941,3.4978028e-36,11.27727,0.061081573,0.033354033,0.009885103,0.27636626,1.4678201e-36,-1.4554466,3.0936031,-0.23478226,-1.8850266
1.74,0.022327898,10.838211,0.07215278,49.747585,0.7031461,11.684817,3.6766685e-36,11.277772,0.061082702,0.033358596,0.009884287,0.27639136,1.5298938e-36,-1.4719621,3.1294634,-0.23723708,-1.9065951
1.76,0.022644112,10.832956,0.07360522,49.74251,0.7031516,11.684684,3.8663863e-36,11.278269,0.06108381,0.033363085,0.009883461,0.2764163,1.5955296e-36,-1.488464,3.1653185,-0.239683,-1.9281524
1.78,0.022964807,10.827627,0.075078346,49.73737,0.70315623,11.68454,4.0677625e-36,11.278762,0.061084896,0.03336751,0.009882625,0.27644104,1.6649847e-36,-1.5049522,3.2011683,-0.24211997,-1.9496986
1.8,0.023290046,10.822223,0.07657245,49.73215,0.70316005,11.684386,4.2815764e-36,11.279249,0.061085958,0.033371866,0.0098817805,0.27646556,1.7384976e-36,-1.5214267,3.2370126,-0.24454789,-1.9712332
1.82,0.023619894,10.816742,0.07808784,49.72686,0.70316297,11.684222,4.5087616e-36,11.279733,0.061086997,0.033376146,0.009880926,0.27648988,1.8163642e-36,-1.5378873,3.2728517,-0.24696672,-1.9927566
1.84,0.023954414,10.811183,0.07962479,49.721493,0.7031651,11.68405,4.7503352e-36,11.280211,0.061088018,0.033380352,0.009880065,0.27651396,1.8989062e-36,-1.5543339,3.308685,-0.24937636,-2.0142684
1.86,0.024293672,10.805546,0.08118361,49.71605,0.7031664,11.683867,5.0073258e-36,11.280687,0.061089016,0.033384483,0.009879193,0.27653778,1.9864416e-36,-1.5707664,3.3445127,-0.25177675,-2.0357685
1.88,0.024637736,10.799829,0.082764626,49.71053,0.7031672,11.683678,5.280882e-36,11.281159,0.061090004,0.033388536,0.009878313,0.27656138,2.0793285e-36,-1.5871848,3.3803344,-0.25416785,-2.057257
1.9,0.024986673,10.794031,0.08436814,49.70493,0.70316696,11.683478,5.5722913e-36,11.281628,0.061090957,0.03339251,0.009877425,0.27658468,2.1779706e-36,-1.6035889,3.4161503,-0.25654957,-2.0787334
1.92,0.025340552,10.788152,0.085994475,49.699253,0.7031662,11.683272,5.8829155e-36,11.282092,0.061091896,0.033396404,0.009876526,0.27660772,2.2827897e-36,-1.6199787,3.45196,-0.25892186,-2.100198
1.94,0.025699442,10.782188,0.08764396,49.693493,0.70316476,11.683059,6.214224e-36,11.282554,0.061092816,0.03340021,0.009875619,0.2766305,2.394242e-36,-1.6363541,3.4877641,-0.26128468,-2.1216507
1.96,0.026063414,10.776141,0.0893169,49.687653,0.70316255,11.6828375,6.5678695e-36,11.283013,0.061093718,0.033403937,0.009874703,0.27665296,2.5128416e-36,-1.652715,3.5235617,-0.26363796,-2.1430912
1.98,0.026432538,10.770008,0.09101364,49.68173,0.7031598,11.6826105,6.9456e-36,11.283468,0.061094593,0.033407584,0.009873778,0.27667513,2.6391274e-36,-1.6690613,3.559353,-0.26598164,-2.1645195
2.0,0.02680689,10.763788,0.092734516,49.67572,0.7031563,11.682375,7.349316e-36,11.283921,0.061095458,0.03341114,0.0098728435,0.276697,2.7736847e-36,-1.6853931,3.5951383,-0.2683157,-2.1859357
2.02,0.027186539,10.757481,0.09447986,49.66963,0.70315236,11.682134,7.781089e-36,11.284372,0.061096307,0.033414617,0.0098719,0.27671856,2.9171497e-36,-1.7017102,3.630917,-0.27064008,-2.2073395
2.04,0.027571565,10.751084,0.09625002,49.66345,0.70314777,11.681887,8.243232e-36,11.28482,0.06109713,0.033418007,0.009870946,0.27673978,3.070236e-36,-1.7180126,3.6666894,-0.27295473,-2.228731
2.06,0.02796204,10.744597,0.09804535,49.65718,0.7031426,11.681632,8.7380815e-36,11.285266,0.061097946,0.033421315,0.009869983,0.27676073,3.2336498e-36,-1.7343003,3.702455,-0.27525964,-2.25011
2.08,0.028358042,10.738019,0.099866204,49.650826,0.7031369,11.681373,9.268588e-36,11.285711,0.06109874,0.033424538,0.00986901,0.27678132,3.4083083e-36,-1.7505732,3.738214,-0.27755475,-2.2714765
2.1,0.028759649,10.731347,0.10171294,49.64438,0.70313066,11.681107,9.837635e-36,11.286155,0.06109952,0.033427678,0.009868027,0.27680162,3.595088e-36,-1.7668313,3.7739663,-0.27984002,-2.2928305
2.12,0.029166939,10.724581,0.10358592,49.63784,0.7031238,11.680833,1.044845e-35,11.286595,0.061100286,0.03343073,0.009867033,0.2768216,3.7949688e-36,-1.7830745,3.809712,-0.28211543,-2.3141718
2.14,0.029579999,10.717719,0.10548554,49.63121,0.70311666,11.680557,1.1104552e-35,11.287037,0.061101034,0.0334337,0.009866028,0.27684125,4.0090198e-36,-1.799303,3.845451,-0.28438097,-2.3355007
2.16,0.029998899,10.71076,0.10741213,49.624485,0.7031089,11.680274,1.1809978e-35,11.2874775,0.061101776,0.03343659,0.009865013,0.2768606,4.2384736e-36,-1.8155166,3.881183,-0.28663656,-2.3568168
2.18,0.030423725,10.703703,0.10936609,49.617664,0.7031005,11.679984,1.2568788e-35,11.287916,0.061102495,0.033439394,0.009863986,0.2768796,4.4845486e-36,-1.8317152,3.9169078,-0.28888223,-2.37812
2.2,0.030854562,10.696546,0.11134781,49.61075,0.70309186,11.67969,1.3385916e-35,11.288357,0.06110321,0.03344212,0.009862948,0.27689832,4.748749e-36,-1.847899,3.9526258,-0.2911179,-2.3994105
2.22,0.031291496,10.689287,0.11335767,49.603733,0.70308274,11.679391,1.4266383e-35,11.288796,0.061103906,0.033444762,0.009861898,0.27691674,5.0325823e-36,-1.8640679,3.9883366,-0.29334363,-2.4206882
2.24,0.03173461,10.681927,0.115396075,49.59662,0.7030731,11.679085,1.5215919e-35,11.289236,0.0611046,0.033447325,0.009860835,0.27693483,5.337777e-36,-1.880222,4.02404,-0.29555935,-2.441953
2.26,0.032183994,10.674462,0.117463425,49.5894,0.70306295,11.678774,1.624071e-35,11.289678,0.061105277,0.033449814,0.009859759,0.2769526,5.6661895e-36,-1.8963612,4.0597367,-0.29776508,-2.4632046
2.28,0.032639734,10.666892,0.11956013,49.582085,0.7030524,11.678457,1.7347697e-35,11.290119,0.061105944,0.03345222,0.009858671,0.27697012,6.019904e-36,-1.9124856,4.095426,-0.2999608,-2.4844434
2.3,0.03310192,10.659215,0.1216866,49.57466,0.70304143,11.678137,1.8544533e-35,11.290561,0.0611066,0.033454552,0.009857569,0.27698734,6.401217e-36,-1.9285952,4.1311083,-0.3021465,-2.5056694
2.32,0.033570644,10.651429,0.12384325,49.567135,0.70302993,11.677808,1.9839366e-35,11.291006,0.061107248,0.03345681,0.009856454,0.27700424,6.812552e-36,-1.9446901,4.166783,-0.30432215,-2.5268822
2.34,0.034045998,10.643534,0.12603052,49.5595,0.7030181,11.677476,2.1241809e-35,11.291452,0.061107885,0.033458993,0.009855324,0.27702093,7.256794e-36,-1.9607702,4.2024503,-0.3064878,-2.5480819
2.36,0.034528073,10.635527,0.12824883,49.551758,0.7030058,11.677137,2.2761511e-35,11.291901,0.061108515,0.0334611,0.00985418,0.27703732,7.7367904e-36,-1.9768357,4.23811,-0.30864343,-2.5692687
2.38,0.035016973,10.627406,0.13049863,49.543903,0.7029931,11.676791,2.4410526e-35,11.292352,0.06110914,0.03346314,0.009853021,0.27705345,8.256154e-36,-1.9928869,4.273763,-0.31078908,-2.5904427
2.4,0.03551278,10.619171,0.13278033,49.53594,0.7029799,11.676441,2.6200943e-35,11.292804,0.06110976,0.033465106,0.009851846,0.27706933,8.818451e-36,-2.0089233,4.309408,-0.3129247,-2.6116033
2.42,0.036015596,10.61082,0.13509439,49.527863,0.7029662,11.676083,2.814671e-35,11.29326,0.061110366,0.03346701,0.009850656,0.27708495,9.427816e-36,-2.0249453,4.3450456,-0.31505036,-2.6327507
2.44,0.03652552,10.60235,0.13744128,49.51967,0.70295215,11.675719,3.026355e-35,11.29372,0.06111097,0.03346884,0.009849449,0.27710035,1.0088906e-35,-2.040953,4.380676,-0.31716603,-2.6538851
2.46,0.037042655,10.5937605,0.13982145,49.51136,0.7029377,11.67535,3.2568236e-35,11.294184,0.06111157,0.033470605,0.009848225,0.27711552,1.0806654e-35,-2.056946,4.4162984,-0.31927174,-2.6750064
2.48,0.0375671,10.58505,0.14223538,49.502934,0.70292276,11.674974,3.5080413e-35,11.29465,0.061112158,0.03347231,0.009846984,0.27713048,1.1586862e-35,-2.072925,4.4519134,-0.3213675,-2.6961145
2.5,0.03809896,10.576216,0.14468354,49.49439,0.7029074,11.674591,3.7820584e-35,11.29512,0.061112747,0.033473946,0.009845725,0.27714527,1.2435536e-35,-2.08889,4.4875207,-0.32345337,-2.7172098
2.52,0.03863834,10.567257,0.1471664,49.48572,0.7028915,11.6742,4.081333e-35,11.295596,0.061113328,0.033475522,0.009844448,0.2771598,1.335992e-35,-2.104841,4.5231204,-0.32552934,-2.738292
2.54,0.039185338,10.558172,0.14968446,49.476933,0.70287514,11.673803,4.4083925e-35,11.296078,0.061113905,0.033477042,0.009843153,0.2771742,1.436737e-35,-2.1207778,4.5587125,-0.3275954,-2.759361
2.56,0.039740067,10.548959,0.1522382,49.468018,0.7028583,11.673399,4.766246e-35,11.296563,0.06111448,0.033478495,0.009841839,0.27718842,1.5466713e-35,-2.1367009,4.594297,-0.32965165,-2.780417
2.58,0.040302638,10.539616,0.15482815,49.458977,0.7028411,11.672988,5.1581966e-35,11.297054,0.06111505,0.033479895,0.009840504,0.27720243,1.6667586e-35,-2.1526103,4.6298738,-0.3316981,-2.8014598
2.6,0.04087316,10.53014,0.15745479,49.449806,0.7028232,11.672568,5.587939e-35,11.29755,0.06111561,0.03348124,0.00983915,0.27721635,1.7980756e-35,-2.168506,4.6654425,-0.33373475,-2.8224897
2.62,0.04145174,10.520531,0.16011865,49.440506,0.702805,11.67214,6.059569e-35,11.298052,0.061116178,0.03348253,0.0098377755,0.27723008,1.9418115e-35,-2.1843882,4.7010036,-0.33576167,-2.8435066
2.64,0.042038504,10.510786,0.1628203,49.431072,0.7027862,11.671706,6.5777645e-35,11.29856,0.061116736,0.033483766,0.00983638,0.2772437,2.0993266e-35,-2.2002573,4.7365575,-0.3377789,-2.8645108
2.66,0.04263355,10.500904,0.16556017,49.421505,0.7027669,11.671262,7.1476835e-35,11.299074,0.061117295,0.033484947,0.009834964,0.2772572,2.2721136e-35,-2.2161129,4.7721033,-0.33978644,-2.8855016
2.68,0.043237,10.490882,0.16833885,49.411804,0.702747,11.67081,7.775288e-35,11.299596,0.061117847,0.03348608,0.009833525,0.2772706,2.4619004e-35,-2.2319553,4.8076415,-0.34178436,-2.9064796
2.7,0.043848976,10.480719,0.1711569,49.401962,0.70272666,11.670349,8.466988e-35,11.300126,0.0611184,0.03348716,0.009832065,0.2772839,2.6705332e-35,-2.2477849,4.843172,-0.34377268,-2.9274447
2.72,0.044469595,10.470412,0.17401485,49.391983,0.7027057,11.669879,9.230313e-35,11.300662,0.061118953,0.03348819,0.009830581,0.2772971,2.900186e-35,-2.2636015,4.878695,-0.34575146,-2.948397
2.74,0.04509898,10.45996,0.17691328,49.381863,0.7026843,11.669399,1.0073708e-34,11.301206,0.061119508,0.03348918,0.009829074,0.27731025,3.15329e-35,-2.2794056,4.91421,-0.34772074,-2.9693363
2.76,0.04573725,10.44936,0.17985274,49.371597,0.7026622,11.668912,1.1006387e-34,11.301759,0.061120052,0.03349012,0.009827544,0.2773233,3.4324877e-35,-2.2951972,4.949717,-0.34968057,-2.9902627
2.78,0.046384536,10.438611,0.1828338,49.361187,0.7026396,11.668413,1.2039259e-34,11.302319,0.0611206,0.033491015,0.009825991,0.27733636,3.7409126e-35,-2.3109765,4.9852166,-0.351631,-3.0111766
2.8,0.047040958,10.427711,0.18585707,49.350628,0.7026164,11.667905,1.3184326e-34,11.302887,0.061121147,0.033491865,0.009824412,0.27734932,4.0819994e-35,-2.3267436,5.0207086,-0.35357204,-3.0320776
2.82,0.04770665,10.416656,0.18892314,49.33992,0.70259255,11.667387,1.4455389e-34,11.303465,0.061121695,0.033492677,0.009822808,0.27736232,4.4596944e-35,-2.3424985,5.056193,-0.35550377,-3.0529659
2.84,0.048381735,10.405445,0.19203259,49.32906,0.70256823,11.666861,1.5867885e-34,11.304052,0.061122235,0.033493444,0.00982118,0.27737525,4.8783997e-35,-2.3582416,5.0916696,-0.35742626,-3.0738416
2.86,0.04906635,10.394076,0.19518605,49.318043,0.7025431,11.666321,1.743971e-34,11.304647,0.061122783,0.03349417,0.009819526,0.27738822,5.343219e-35,-2.373973,5.1271386,-0.35933954,-3.0947046
2.88,0.049760636,10.382547,0.19838417,49.30687,0.70251733,11.665771,1.9190853e-34,11.305254,0.061123323,0.03349486,0.009817847,0.27740115,5.859833e-35,-2.389693,5.1626,-0.36124367,-3.1155553
2.9,0.050464712,10.370855,0.2016275,49.29554,0.7024909,11.665211,2.1144345e-34,11.305869,0.061123863,0.033495508,0.009816142,0.27741414,6.434786e-35,-2.4054015,5.198054,-0.36313868,-3.1363933
2.92,0.051178724,10.358999,0.20491672,49.284046,0.7024639,11.664639,2.3326145e-34,11.306497,0.061124403,0.03349612,0.00981441,0.27742717,7.0754296e-35,-2.4210987,5.2335,-0.36502463,-3.1572187
2.94,0.05190281,10.346975,0.20825246,49.272392,0.7024362,11.664056,2.5766418e-34,11.307134,0.061124943,0.033496697,0.009812651,0.27744022,7.79031e-35,-2.436785,5.2689385,-0.36690158,-3.1780317
2.96,0.052637108,10.334783,0.21163538,49.26057,0.7024078,11.663461,2.8499316e-34,11.307781,0.061125487,0.033497233,0.009810866,0.2774533,8.589075e-35,-2.4524605,5.3043694,-0.3687696,-3.1988323
2.98,0.053381763,10.322417,0.21506615,49.24858,0.7023787,11.662855,3.1564181e-34,11.30844,0.061126027,0.033497743,0.009809053,0.27746648,9.482827e-35,-2.4681253,5.3397927,-0.37062868,-3.2196207
3.0,0.054136924,10.309878,0.21854544,49.236423,0.7023488,11.662236,3.5005627e-34,11.309111,0.06112656,0.033498213,0.009807212,0.27747974,1.0484127e-34,-2.4837797,5.3752084,-0.37247896,-3.2403967
3.02,0.054902732,10.297162,0.22207393,49.22409,0.7023183,11.661605,3.8875394e-34,11.309792,0.061127104,0.033498656,0.009805344,0.2774931,1.1607527e-34,-2.4994237,5.4106164,-0.37432045,-3.2611606
3.04,0.05567934,10.284267,0.2256523,49.211582,0.7022869,11.660962,4.3233355e-34,11.310486,0.061127637,0.033499062,0.009803449,0.27750656,1.2869847e-34,-2.5150578,5.446017,-0.3761532,-3.2819123
3.06,0.056466896,10.271191,0.22928128,49.1989,0.70225483,11.660305,4.8147877e-34,11.3111925,0.061128173,0.033499435,0.009801525,0.2775201,1.4290253e-34,-2.5306818,5.4814095,-0.37797728,-3.302652
3.08,0.057265554,10.25793,0.23296155,49.186035,0.702222,11.6596365,5.3697386e-34,11.31191,0.061128706,0.03349978,0.009799573,0.2775338,1.5890684e-34,-2.5462964,5.516795,-0.37979275,-3.3233793
3.1,0.05807547,10.244482,0.23669384,49.17299,0.7021883,11.658954,5.9974107e-34,11.312643,0.061129242,0.033500098,0.009797592,0.27754766,1.7696934e-34,-2.5619013,5.552173,-0.38159966,-3.3440945
3.12,0.0588968,10.2308445,0.24047889,49.159756,0.7021539,11.658259,6.7083557e-34,11.313387,0.061129775,0.03350039,0.009795584,0.2775616,1.9738442e-34,-2.577497,5.5875435,-0.38339806,-3.3647978
3.14,0.059729714,10.217015,0.24431747,49.146336,0.7021187,11.657551,7.514733e-34,11.314144,0.061130304,0.033500645,0.009793547,0.27757576,2.2049074e-34,-2.5930836,5.6229067,-0.385188,-3.3854895
3.16,0.060574356,10.2029915,0.24821025,49.132725,0.7020826,11.656829,8.430947e-34,11.314915,0.061130833,0.03350088,0.009791482,0.2775901,2.4668936e-34,-2.6086612,5.6582623,-0.38696957,-3.406169
3.18,0.061430898,10.18877,0.25215805,49.11892,0.7020457,11.656093,9.473451e-34,11.3157,0.06113136,0.033501085,0.009789389,0.27760458,2.764371e-34,-2.62423,5.69361,-0.38874274,-3.4268365
3.2,0.062299505,10.174349,0.2561616,49.10492,0.70200795,11.655343,1.0661363e-33,11.316499,0.061131883,0.033501267,0.009787267,0.27761927,3.1026407e-34,-2.6397903,5.728951,-0.39050764,-3.4474924
3.22,0.06318034,10.159724,0.26022172,49.09072,0.7019692,11.654577,1.201738e-33,11.317311,0.06113241,0.03350142,0.009785118,0.2776342,3.4879932e-34,-2.6553423,5.764284,-0.39226428,-3.4681363
3.24,0.064073585,10.144894,0.26433918,49.07632,0.7019296,11.653798,1.35679195e-33,11.318139,0.061132926,0.03350155,0.009782939,0.2776493,3.927735e-34,-2.6708863,5.7996097,-0.39401272,-3.4887686
3.26,0.064979404,10.129855,0.2685148,49.061714,0.70188916,11.653006,1.5343224e-33,11.318981,0.06113344,0.03350166,0.009780735,0.27766466,4.43021e-34,-2.686422,5.834928,-0.39575303,-3.5093892
3.28,0.06589798,10.114605,0.27274942,49.0469,0.7018479,11.6522,1.7379746e-33,11.319838,0.06113395,0.03350174,0.009778502,0.27768028,5.0054767e-34,-2.7019503,5.870239,-0.39748526,-3.5299983
3.3,0.06682948,10.09914,0.27704382,49.031876,0.70180565,11.651377,1.971971e-33,11.320709,0.06113446,0.033501804,0.009776242,0.27769613,5.665158e-34,-2.717471,5.9055424,-0.39920944,-3.5505958
3.32,0.06777409,10.083458,0.28139886,49.016636,0.70176244,11.650539,2.2412897e-33,11.321597,0.061134968,0.033501845,0.009773955,0.27771223,6.422944e-34,-2.7329843,5.9408383,-0.4009256,-3.5711815
3.34,0.068731986,10.067555,0.28581542,49.001183,0.7017184,11.649689,2.5517776e-33,11.3225,0.061135467,0.03350186,0.009771641,0.27772865,7.294881e-34,-2.7484906,5.976127,-0.40263385,-3.5917559
3.36,0.06970336,10.051429,0.29029432,48.985508,0.70167327,11.648821,2.9104164e-33,11.323419,0.061135966,0.03350186,0.009769302,0.27774534,8.30012e-34,-2.76399,6.0114083,-0.40433416,-3.6123188
3.38,0.07068842,10.035075,0.2948365,48.969612,0.7016273,11.647941,3.325359e-33,11.324351,0.06113645,0.03350184,0.009766936,0.27776232,9.460972e-34,-2.7794826,6.046683,-0.40602663,-3.6328704
3.4,0.07168732,10.018493,0.29944274,48.953487,0.70158035,11.647043,3.8063293e-33,11.325301,0.06113694,0.0335018,0.009764546,0.2777796,1.0804026e-33,-2.7949686,6.081949,-0.40771127,-3.6534104
3.42,0.07270026,10.001677,0.304114,48.937134,0.7015325,11.6461315,4.3648805e-33,11.326268,0.06113742,0.03350174,0.00976213,0.27779725,1.2360823e-33,-2.8104484,6.1172085,-0.40938815,-3.673939
3.44,0.073727444,9.984624,0.3088512,48.920547,0.7014835,11.645205,5.0147166e-33,11.3272505,0.061137892,0.033501662,0.009759692,0.2778152,1.4168726e-33,-2.825922,6.15246,-0.4110573,-3.6944563
3.46,0.074769065,9.967332,0.3136553,48.903725,0.70143354,11.644261,5.772121e-33,11.328248,0.061138358,0.03350157,0.009757228,0.2778335,1.6272062e-33,-2.8413897,6.1877046,-0.41271874,-3.7149622
3.48,0.075825326,9.949798,0.31852713,48.886665,0.7013826,11.643303,6.656657e-33,11.329264,0.061138812,0.03350146,0.0097547425,0.27785215,1.8724025e-33,-2.8568516,6.2229414,-0.41437253,-3.735457
3.5,0.07689643,9.932016,0.32346773,48.86936,0.7013306,11.64233,7.6916416e-33,11.3302965,0.061139263,0.033501334,0.009752235,0.27787116,2.1587919e-33,-2.872308,6.258171,-0.41601872,-3.7559402
3.52,0.07798258,9.913986,0.32847804,48.851814,0.7012777,11.641341,8.905e-33,11.331346,0.06113971,0.03350119,0.009749707,0.27789056,2.4939464e-33,-2.887759,6.293393,-0.41765732,-3.7764122
3.54,0.079083994,9.895702,0.33355904,48.834015,0.7012237,11.640337,1.0330415e-32,11.332411,0.061140142,0.033501036,0.009747158,0.27791035,2.8869873e-33,-2.903205,6.3286076,-0.41928837,-3.796873
3.56,0.08020087,9.877162,0.33871174,48.815964,0.70116866,11.639318,1.2008364e-32,11.333495,0.061140563,0.033500865,0.00974459,0.27793053,3.3488618e-33,-2.9186459,6.363815,-0.4209119,-3.8173227
3.58,0.081333436,9.858361,0.34393713,48.797657,0.70111257,11.638284,1.398736e-32,11.334595,0.061140977,0.033500686,0.009742003,0.27795112,3.892669e-33,-2.934082,6.3990145,-0.42252797,-3.8377612
3.6,0.0824819,9.839297,0.34923622,48.779087,0.70105535,11.637233,1.632652e-32,11.3357115,0.06114138,0.033500493,0.009739399,0.2779721,4.5343552e-33,-2.9495137,6.4342065,-0.42413655,-3.8581884
3.62,0.08364648,9.819965,0.35461006,48.760254,0.7009973,11.6361685,1.909725e-32,11.336846,0.06114177,0.033500284,0.009736778,0.27799353,5.293156e-33,-2.9649408,6.469391,-0.4257377,-3.8786042
3.64,0.08482742,9.800363,0.36005974,48.741154,0.700938,11.635088,2.2385882e-32,11.337998,0.061142147,0.033500068,0.009734143,0.2780154,6.1922934e-33,-2.980364,6.504568,-0.42733148,-3.899009
3.66,0.08602492,9.780485,0.36558622,48.721783,0.7008777,11.633991,2.6297666e-32,11.3391695,0.061142523,0.03349984,0.009731493,0.2780377,7.260045e-33,-2.995783,6.539737,-0.42891786,-3.9194024
3.68,0.08723921,9.760329,0.37119064,48.702137,0.7008164,11.632881,3.096158e-32,11.340356,0.061142877,0.033499606,0.00972883,0.27806047,8.531025e-33,-3.0111983,6.5748987,-0.43049687,-3.9397845
3.7,0.08847054,9.73989,0.3768741,48.68221,0.7007538,11.631753,3.653386e-32,11.34156,0.06114322,0.03349936,0.009726156,0.27808368,1.0047098e-32,-3.02661,6.6100526,-0.43206856,-3.9601555
3.72,0.08971913,9.719165,0.38263768,48.662,0.7006903,11.630612,4.32067e-32,11.342782,0.061143544,0.033499107,0.0097234715,0.2781074,1.1859709e-32,-3.0420182,6.645199,-0.43363294,-3.9805152
3.74,0.09098523,9.69815,0.38848254,48.641502,0.7006258,11.6294565,5.121533e-32,11.344022,0.061143856,0.03349885,0.009720778,0.27813157,1.4031735e-32,-3.057423,6.680337,-0.43519002,-4.0008636
3.76,0.09226908,9.67684,0.3944098,48.620712,0.7005601,11.628284,6.085069e-32,11.345279,0.061144155,0.03349858,0.009718077,0.27815625,1.6640865e-32,-3.072825,6.7154675,-0.4367398,-4.0212007
3.78,0.09357092,9.655231,0.40042064,48.59963,0.7004932,11.6271,7.246937e-32,11.346554,0.06114443,0.033498313,0.00971537,0.27818143,1.9782181e-32,-3.088224,6.75059,-0.4382823,-4.0415263
3.8,0.094891,9.63332,0.4065162,48.578243,0.7004255,11.625899,8.6513463e-32,11.347845,0.061144702,0.033498038,0.009712658,0.2782071,2.3573436e-32,-3.1036203,6.785704,-0.43981755,-4.061841
3.82,0.09622957,9.611102,0.41269767,48.556553,0.70035654,11.624685,1.0353085e-31,11.349154,0.061144948,0.033497762,0.009709943,0.2782333,2.8160375e-32,-3.119014,6.8208103,-0.44134554,-4.0821443
3.84,0.097586885,9.588573,0.4189663,48.534557,0.7002866,11.623457,1.241994e-31,11.350482,0.061145175,0.033497483,0.009707227,0.27826,3.3723102e-32,-3.1344056,6.8559084,-0.44286627,-4.102436
3.86,0.09896321,9.565729,0.42532325,48.512245,0.7002156,11.622213,1.4936754e-31,11.351827,0.061145395,0.033497203,0.009704511,0.27828723,4.048679e-32,-3.149795,6.8909984,-0.44437975,-4.1227164
3.88,0.100358814,9.542565,0.43176988,48.489616,0.70014334,11.620956,1.8009156e-31,11.3531885,0.061145585,0.03349692,0.009701797,0.278315,4.8731435e-32,-3.1651826,6.92608,-0.44588602,-4.1429853
3.9,0.10177393,9.519077,0.4383073,48.466667,0.70007014,11.619686,2.1769128e-31,11.354566,0.06114576,0.03349664,0.009699086,0.27834332,5.880645e-32,-3.1805682,6.9611535,-0.447385,-4.1632423
3.92,0.103208855,9.49526,0.44493684,48.44339,0.6999959,11.618402,2.6383096e-31,11.355964,0.061145917,0.03349636,0.009696379,0.27837217,7.115201e-32,-3.1959522,6.996218,-0.44887677,-4.183488
3.94,0.10466385,9.47111,0.4516598,48.419785,0.69992054,11.617104,3.2059093e-31,11.357376,0.061146054,0.033496086,0.009693679,0.27840158,8.6317555e-32,-3.2113347,7.0312743,-0.45036128,-4.2037215
3.96,0.1061392,9.446623,0.4584775,48.395844,0.699844,11.615792,3.9061045e-31,11.358808,0.061146162,0.03349581,0.009690989,0.27843153,1.0499953e-31,-3.226716,7.066322,-0.45183852,-4.223943
3.98,0.10763518,9.421793,0.46539125,48.37156,0.6997665,11.614468,4.7721464e-31,11.360255,0.06114626,0.033495545,0.0096883075,0.27846208,1.2807424e-31,-3.2420962,7.1013603,-0.4533085,-4.244153
4.0,0.10915207,9.396616,0.47240242,48.34693,0.69968796,11.613131,5.8462097e-31,11.361719,0.06114633,0.03349528,0.009685639,0.27849317,1.5665188e-31,-3.2574754,7.13639,-0.4547712,-4.264351
4.02,0.11069017,9.371087,0.4795124,48.321953,0.69960827,11.61178,7.182061e-31,11.3632,0.06114638,0.033495024,0.009682984,0.27852482,1.9214635e-31,-3.2728539,7.171411,-0.4562266,-4.284537
4.04,0.11224976,9.3452015,0.48672253,48.29662,0.6995277,11.610418,8.84819e-31,11.364697,0.061146405,0.033494778,0.009680344,0.27855706,2.3635667e-31,-3.2882316,7.206423,-0.45767465,-4.304711
4.06,0.11383114,9.318954,0.49403423,48.270924,0.6994459,11.609042,1.0932024e-30,11.366212,0.061146405,0.03349454,0.009677721,0.2785899,2.9157665e-31,-3.303609,7.241425,-0.4591154,-4.3248725
4.08,0.11543461,9.292341,0.5014489,48.24486,0.69936305,11.607654,1.3545988e-30,11.367743,0.061146386,0.03349431,0.009675118,0.27862328,3.6075299e-31,-3.318986,7.2764177,-0.46054876,-4.3450217
4.1,0.11706047,9.265356,0.50896806,48.21843,0.6992792,11.606254,1.6834557e-30,11.369289,0.061146338,0.033494093,0.009672536,0.2786573,4.4766803e-31,-3.3343627,7.311401,-0.46197477,-4.3651586
4.12,0.11870903,9.237994,0.5165931,48.191624,0.6991943,11.604842,2.0984092e-30,11.3708515,0.061146263,0.033493888,0.009669975,0.2786919,5.5719565e-31,-3.3497396,7.3463745,-0.46339336,-4.3852825
4.14,0.120380595,9.210251,0.52432555,48.164436,0.6991083,11.603418,2.6235503e-30,11.372432,0.06114617,0.033493698,0.009667439,0.27872705,6.956296e-31,-3.3651166,7.381338,-0.4648045,-4.4053936
4.16,0.12207549,9.18212,0.5321669,48.13686,0.6990213,11.601983,3.2902294e-30,11.374026,0.061146047,0.033493515,0.009664929,0.2787628,8.711514e-31,-3.380494,7.4162917,-0.46620816,-4.425492
4.18,0.123794034,9.153597,0.5401187,48.108894,0.69893336,11.600536,4.1391744e-30,11.375637,0.061145905,0.033493355,0.009662447,0.27879915,1.094379e-30,-3.395872,7.4512353,-0.4676043,-4.445577
4.2,0.12553655,9.124676,0.5481825,48.08053,0.6988443,11.599078,5.223665e-30,11.377264,0.06114573,0.03349321,0.009659993,0.2788361,1.37918815e-30,-3.4112506,7.4861684,-0.4689929,-4.465649
4.22,0.12730336,9.095351,0.5563598,48.05176,0.69875425,11.597609,6.613497e-30,11.378906,0.061145533,0.03349308,0.009657571,0.27887365,1.7437366e-30,-3.42663,7.5210905,-0.47037387,-4.4857078
4.24,0.12909481,9.065618,0.5646523,48.022583,0.698663,11.5961275,8.4002286e-30,11.380563,0.061145302,0.033492967,0.009655181,0.27891183,2.21182e-30,-3.4420104,7.556002,-0.4717472,-4.5057526
4.26,0.13091126,9.035469,0.57306176,47.99299,0.6985709,11.594635,1.0704961e-29,11.382236,0.061145052,0.033492878,0.009652826,0.27895054,2.8148801e-30,-3.4573922,7.5909033,-0.47311285,-4.525784
4.28,0.13275298,9.004901,0.58158946,47.962975,0.69847775,11.593133,1.3687473e-29,11.383924,0.061144773,0.03349281,0.009650505,0.2789899,3.5943585e-30,-3.4727747,7.6257925,-0.47447073,-4.545801
4.3,0.13462037,8.9739065,0.5902372,47.932537,0.6983836,11.5916195,1.7560444e-29,11.385627,0.061144467,0.03349276,0.0096482225,0.27902985,4.6053638e-30,-3.4881587,7.6606703,-0.4758208,-4.565804
4.32,0.13651377,8.94248,0.5990067,47.901665,0.6982884,11.5900955,2.2606421e-29,11.387343,0.061144132,0.033492733,0.009645978,0.27907038,5.9210335e-30,-3.503544,7.695536,-0.47716302,-4.5857925
4.34,0.13843353,8.910616,0.60789967,47.870354,0.69819194,11.588559,2.9203763e-29,11.389075,0.061143763,0.033492733,0.009643774,0.27911153,7.639214e-30,-3.5189312,7.73039,-0.4784973,-4.6057663
4.36,0.14038001,8.878308,0.6169178,47.838596,0.69809484,11.587014,3.785993e-29,11.390821,0.061143376,0.033492755,0.009641609,0.2791533,9.8910074e-30,-3.5343199,7.7652316,-0.47982356,-4.6257253
4.38,0.14235358,8.845551,0.62606287,47.80639,0.69799656,11.585457,4.92574e-29,11.392584,0.06114296,0.033492804,0.0096394885,0.2791956,1.2852561e-29,-3.5497105,7.8000607,-0.48114175,-4.645669
4.4,0.14435461,8.812337,0.6353367,47.773724,0.6978972,11.58389,6.431819e-29,11.39436,0.061142508,0.033492874,0.009637412,0.27923852,1.6761621e-29,-3.565103,7.834877,-0.4824518,-4.665597
4.42,0.14638348,8.778661,0.64474106,47.740593,0.6977968,11.582312,8.4294006e-29,11.396149,0.061142035,0.03349297,0.009635379,0.27928206,2.1940644e-29,-3.5804977,7.8696804,-0.4837536,-4.685509
4.44,0.14844057,8.744516,0.65427774,47.706993,0.6976954,11.580723,1.1088515e-28,11.397952,0.06114153,0.033493098,0.009633392,0.27932617,2.8827232e-29,-3.5958948,7.90447,-0.48504707,-4.705405
4.46,0.15052626,8.709897,0.66394866,47.672916,0.69759303,11.5791235,1.4641562e-28,11.39977,0.061141,0.033493254,0.009631452,0.27937084,3.8018937e-29,-3.6112943,7.9392457,-0.48633215,-4.725285
4.48,0.15264094,8.674796,0.67375565,47.638355,0.6974895,11.577513,1.9407155e-28,11.401601,0.061140437,0.033493437,0.009629561,0.27941614,5.0334257e-29,-3.626696,7.9740076,-0.48760873,-4.7451477
4.5,0.154785,8.639207,0.6837007,47.603302,0.697385,11.575892,2.5824188e-28,11.403445,0.061139848,0.03349365,0.009627718,0.279462,6.6899644e-29,-3.6421006,8.008755,-0.48887673,-4.764993
4.52,0.15695886,8.603123,0.6937856,47.56775,0.6972794,11.57426,3.449837e-28,11.405305,0.06113923,0.03349389,0.009625924,0.27950844,8.9268243e-29,-3.6575077,8.043488,-0.49013603,-4.7848215
4.54,0.15916291,8.566537,0.70401245,47.531693,0.6971727,11.572616,4.6270135e-28,11.407176,0.061138585,0.033494163,0.00962418,0.27955547,1.1959317e-28,-3.6729176,8.078205,-0.49138653,-4.8046317
4.56,0.16139756,8.529443,0.7143831,47.495125,0.6970649,11.57096,6.231007e-28,11.4090605,0.061137907,0.03349447,0.009622487,0.27960306,1.6087067e-28,-3.6883304,8.112906,-0.49262813,-4.8244233
4.58,0.16366324,8.491834,0.7248997,47.458035,0.6969561,11.569295,8.42544e-28,11.410958,0.061137203,0.033494797,0.009620846,0.27965122,2.172851e-28,-3.7037463,8.147592,-0.4938607,-4.8441963
4.6,0.16596036,8.453702,0.73556423,47.420418,0.6968461,11.567616,1.1440202e-27,11.4128685,0.06113647,0.03349516,0.0096192565,0.27969995,2.9471042e-28,-3.719165,8.1822605,-0.4950841,-4.8639503
4.62,0.16828933,8.415041,0.7463787,47.382267,0.69673496,11.565925,1.5599174e-27,11.414792,0.061135713,0.03349556,0.00961772,0.2797492,4.0141472e-28,-3.7345872,8.216912,-0.49629825,-4.883684
4.64,0.17065062,8.375843,0.7573453,47.343575,0.69662297,11.564224,2.1361148e-27,11.416728,0.061134927,0.03349599,0.009616235,0.27979907,5.491002e-28,-3.7500124,8.251547,-0.49750298,-4.903398
4.66,0.17304464,8.336101,0.7684661,47.304333,0.69650966,11.5625105,2.9378353e-27,11.418676,0.061134107,0.033496447,0.009614803,0.27984947,7.5438883e-28,-3.765441,8.286163,-0.49869817,-4.923091
4.68,0.17547184,8.295807,0.77974325,47.264534,0.6963951,11.560782,4.0582152e-27,11.420636,0.061133265,0.033496935,0.0096134255,0.2799004,1.04099595e-27,-3.7808728,8.320762,-0.49988368,-4.9427624
4.7,0.1779327,8.254954,0.79117894,47.22417,0.69627964,11.559043,5.6308314e-27,11.422609,0.061132398,0.033497453,0.009612099,0.27995187,1.4429055e-27,-3.7963083,8.355341,-0.50105935,-4.9624124
4.72,0.18042763,8.213535,0.8027754,47.183235,0.69616276,11.55729,7.8481345e-27,11.424594,0.061131496,0.033498004,0.009610826,0.28000388,2.0090386e-27,-3.8117473,8.3899,-0.50222504,-4.9820395
4.74,0.18295711,8.171542,0.81453484,47.141716,0.69604474,11.555523,1.0988663e-26,11.426589,0.06113057,0.03349859,0.009609607,0.28005642,2.8101425e-27,-3.82719,8.424439,-0.5033806,-5.0016437
4.76,0.18552169,8.128965,0.8264598,47.099606,0.6959255,11.553742,1.545751e-26,11.428597,0.061129615,0.033499204,0.009608441,0.28010947,3.9490223e-27,-3.8426363,8.458959,-0.50452584,-5.0212245
4.78,0.1881217,8.085799,0.8385521,47.0569,0.69580513,11.551949,2.1845833e-26,11.430614,0.06112864,0.033499844,0.009607327,0.28016305,5.5755822e-27,-3.858086,8.493456,-0.5056606,-5.0407805
4.8,0.19075769,8.042035,0.8508143,47.013588,0.6956835,11.55014,3.10218e-26,11.432645,0.06112763,0.03350052,0.009606265,0.2802171,7.909792e-27,-3.8735397,8.527931,-0.5067847,-5.060312
4.82,0.19343014,7.997665,0.8632487,46.96966,0.6955606,11.548316,4.4264748e-26,11.434684,0.061126605,0.033501215,0.009605256,0.2802717,1.1275538e-26,-3.8889968,8.562384,-0.5078979,-5.0798173
4.84,0.19613954,7.9526806,0.8758578,46.925114,0.69543636,11.546478,6.347067e-26,11.436734,0.061125547,0.033501945,0.0096042985,0.28032678,1.6152448e-26,-3.9044578,8.596813,-0.5090001,-5.099296
4.86,0.19888641,7.9070735,0.8886439,46.879932,0.6953107,11.544621,9.146197e-26,11.438794,0.061124463,0.0335027,0.009603391,0.28038236,2.3253937e-26,-3.9199224,8.631218,-0.5100911,-5.1187477
4.88,0.20167123,7.860835,0.90160966,46.83411,0.6951838,11.54275,1.3246165e-25,11.440862,0.06112336,0.033503484,0.0096025355,0.2804384,3.364662e-26,-3.9353907,8.665598,-0.51117074,-5.138171
4.9,0.20449452,7.813957,0.9147574,46.78764,0.69505566,11.540863,1.928185e-25,11.442942,0.061122227,0.03350429,0.009601728,0.28049493,4.8932765e-26,-3.950863,8.699952,-0.51223874,-5.1575656
4.92,0.2073568,7.766431,0.9280897,46.74051,0.69492614,11.5389595,2.8213107e-25,11.445029,0.061121076,0.03350512,0.009600971,0.2805519,7.1532964e-26,-3.9663386,8.734281,-0.5132949,-5.1769304
4.94,0.21025859,7.7182474,0.9416091,46.69271,0.69479525,11.537039,4.1497624e-25,11.447125,0.061119903,0.033505972,0.009600261,0.2806093,1.0512047e-25,-3.9818182,8.768581,-0.51433897,-5.1962643
4.96,0.21320044,7.669398,0.95531815,46.644234,0.6946627,11.535096,6.136217e-25,11.449229,0.061118703,0.033506848,0.009599599,0.28066722,1.5530231e-25,-3.9973013,8.802855,-0.5153708,-5.2155666
4.98,0.21618286,7.619873,0.96921957,46.59507,0.694529,11.533139,9.122414e-25,11.451342,0.06111748,0.033507742,0.009598983,0.28072554,2.3067705e-25,-4.0127883,8.837098,-0.5163901,-5.2348366
5.0,0.21920642,7.569664,0.98331594,46.545208,0.6943935,11.531159,1.363605e-24,11.453458,0.061116237,0.03350866,0.0095984135,0.2807843,3.4451247e-25,-4.0282784,8.871312,-0.5173967,-5.254073
5.02,0.22227167,7.5187616,0.99761003,46.49464,0.6942568,11.529162,2.0495671e-24,11.455583,0.061114974,0.033509586,0.009597888,0.2808435,5.173738e-25,-4.043772,8.905496,-0.5183903,-5.2732754
5.04,0.22537915,7.4671564,1.0121045,46.443356,0.69411856,11.527144,3.0979077e-24,11.457714,0.061113697,0.033510536,0.009597405,0.28090307,7.8134143e-25,-4.0592694,8.939647,-0.51937073,-5.292442
5.06,0.22852945,7.4148393,1.0268022,46.391342,0.6939787,11.525106,4.709078e-24,11.45985,0.061112393,0.033511493,0.009596965,0.2809631,1.1867043e-24,-4.07477,8.973765,-0.5203377,-5.311572
5.08,0.23172313,7.3618,1.0417057,46.338593,0.6938374,11.5230465,7.199474e-24,11.461991,0.061111078,0.033512462,0.009596566,0.2810235,1.8127828e-24,-4.0902734,9.007851,-0.52129096,-5.3306646
5.1,0.23496076,7.3080297,1.0568181,46.2851,0.6936943,11.520965,1.1071161e-23,11.464135,0.061109737,0.033513438,0.009596205,0.2810843,2.7853545e-24,-4.10578,9.041901,-0.52223027,-5.349719
5.12,0.23824295,7.253518,1.0721422,46.230846,0.69354963,11.518858,1.7125867e-23,11.466281,0.061108384,0.033514425,0.009595884,0.28114548,4.305131e-24,-4.1212897,9.075915,-0.5231554,-5.368734
5.14,0.2415703,7.198255,1.0876809,46.175827,0.6934034,11.51673,2.665063e-23,11.4684305,0.061107013,0.033515412,0.0095956,0.28120705,6.6940914e-24,-4.136802,9.109893,-0.52406603,-5.3877077
5.16,0.24494338,7.142231,1.1034371,46.120026,0.69325536,11.514577,4.1725116e-23,11.470583,0.061105628,0.033516403,0.009595349,0.28126898,1.04721545e-23,-4.152317,9.143833,-0.52496195,-5.40664
5.18,0.24836282,7.0854354,1.1194137,46.063435,0.6931056,11.512399,6.572884e-23,11.472734,0.06110423,0.033517394,0.009595135,0.2813313,1.6483624e-23,-4.1678343,9.177734,-0.5258429,-5.4255295
5.2,0.25182924,7.027858,1.1356139,46.006046,0.6929541,11.510196,1.0418836e-22,11.474886,0.06110282,0.03351838,0.009594952,0.28139398,2.6108268e-23,-4.183354,9.211596,-0.5267086,-5.444375
5.22,0.25534326,6.9694877,1.1520407,45.947845,0.6928008,11.507965,1.6619719e-22,11.477036,0.061101396,0.033519365,0.0095948,0.281457,4.1614874e-23,-4.1988754,9.245417,-0.5275588,-5.4631753
5.24,0.25890553,6.910315,1.1686972,45.88882,0.6926455,11.505705,2.6681134e-22,11.479185,0.06109996,0.033520333,0.009594676,0.28152043,6.675734e-23,-4.214399,9.279196,-0.5283932,-5.48193
5.26,0.26251677,6.8503275,1.1855869,45.82896,0.6924885,11.503418,4.311275e-22,11.48133,0.061098516,0.03352129,0.00959458,0.28158417,1.0778893e-22,-4.2299247,9.312932,-0.5292116,-5.5006375
5.28,0.26617745,6.789517,1.2027122,45.768253,0.6923296,11.5011015,7.012178e-22,11.48347,0.06109707,0.03352223,0.00959451,0.2816483,1.7518579e-22,-4.2454515,9.346623,-0.5300136,-5.519296
5.3,0.26988828,6.727871,1.2200767,45.706688,0.69216853,11.4987545,1.1481287e-21,11.485606,0.06109561,0.033523146,0.009594464,0.28171277,2.8662745e-22,-4.260979,9.38027,-0.53079915,-5.5379057
5.32,0.27365,6.665378,1.2376837,45.644253,0.69200534,11.496373,1.8925981e-21,11.487734,0.061094142,0.03352404,0.009594439,0.28177765,4.7213994e-22,-4.276508,9.413871,-0.5315678,-5.556465
5.34,0.2774632,6.602028,1.2555364,45.580936,0.6918401,11.493958,3.1411695e-21,11.489856,0.06109268,0.033524908,0.009594434,0.2818429,7.830554e-22,-4.292037,9.447424,-0.5323194,-5.574973
5.36,0.28132862,6.5378084,1.2736384,45.516727,0.6916727,11.49151,5.2496545e-21,11.491967,0.061091203,0.033525743,0.009594446,0.2819085,1.3077492e-21,-4.3075666,9.480929,-0.53305376,-5.5934286
5.38,0.2852469,6.472708,1.2919928,45.45161,0.6915029,11.489024,8.835199e-21,11.494067,0.061089728,0.033526536,0.009594474,0.28197455,2.1994113e-21,-4.3230963,9.514386,-0.5337705,-5.611831
5.4,0.28921878,6.406716,1.3106031,45.385574,0.69133085,11.486501,1.4975725e-20,11.496157,0.061088253,0.03352729,0.009594516,0.282041,3.725445e-21,-4.338626,9.547792,-0.5344694,-5.6301794
5.42,0.29324496,6.33982,1.3294728,45.318607,0.6911563,11.483936,2.5567317e-20,11.498235,0.06108678,0.033527993,0.009594568,0.28210792,6.355934e-21,-4.354155,9.581148,-0.5351503,-5.648473
5.44,0.29732615,6.272008,1.3486054,45.250698,0.69097924,11.48133,4.396931e-20,11.500295,0.06108531,0.03352864,0.009594629,0.28217527,1.09232415e-20,-4.3696833,9.614452,-0.53581285,-5.6667104
5.46,0.30146304,6.203268,1.3680044,45.18183,0.69079953,11.478681,7.6177085e-20,11.502342,0.061083842,0.033529233,0.009594697,0.28224316,1.8912011e-20,-4.3852105,9.647704,-0.5364569,-5.684891
5.48,0.3056564,6.1335883,1.3876735,45.11199,0.6906168,11.475981,1.3296751e-19,11.504372,0.06108238,0.03352976,0.009594767,0.28231156,3.298939e-20,-4.4007363,9.680903,-0.53708214,-5.703015
5.5,0.30990696,6.062956,1.4076163,45.041172,0.6904311,11.473232,2.338631e-19,11.506381,0.06108093,0.033530213,0.009594838,0.28238055,5.7984165e-20,-4.4162602,9.714049,-0.53768843,-5.7210803
5.52,0.31421542,5.9913588,1.4278364,44.969353,0.69024247,11.470434,4.144881e-19,11.508369,0.06107948,0.03353059,0.009594907,0.28245017,1.0270291e-19,-4.431782,9.747141,-0.5382755,-5.739087
5.54,0.3185826,5.918784,1.4483377,44.896523,0.69005036,11.467576,7.4035777e-19,11.510337,0.06107805,0.033530876,0.00959497,0.28252044,1.8333236e-19,-4.447301,9.780177,-0.5388431,-5.757035
5.56,0.3230092,5.8452196,1.4691237,44.82267,0.6898549,11.464661,1.3328821e-18,11.51228,0.061076626,0.03353107,0.009595026,0.28259146,3.2985256e-19,-4.4628177,9.813158,-0.53939104,-5.774923
5.58,0.32749602,5.7706523,1.4901985,44.747776,0.6896557,11.461682,2.418821e-18,11.514197,0.061075214,0.03353116,0.00959507,0.2826633,5.9822757e-19,-4.478331,9.846084,-0.5399191,-5.7927504
5.6,0.33204383,5.6950693,1.5115658,44.67183,0.6894526,11.458636,4.425127e-18,11.5160885,0.06107382,0.03353114,0.009595099,0.28273597,1.0937721e-18,-4.493841,9.878953,-0.54042697,-5.8105173
5.62,0.3366534,5.6184573,1.5332296,44.59482,0.6892452,11.455518,8.162077e-18,11.517949,0.06107244,0.033530995,0.009595109,0.28280962,2.0162492e-18,-4.509348,9.911766,-0.5409145,-5.828223
5.64,0.34132555,5.5408034,1.5551938,44.516724,0.6890333,11.452322,1.5179997e-17,11.519779,0.06107108,0.033530716,0.009595096,0.28288433,3.7476725e-18,-4.5248504,9.944522,-0.54138136,-5.8458676
5.66,0.34606105,5.4620943,1.5774623,44.437534,0.6888166,11.449043,2.8469846e-17,11.521576,0.061069734,0.0335303,0.009595056,0.28296015,7.024661e-18,-4.5403485,9.9772215,-0.5418274,-5.86345
5.68,0.35086071,5.3823166,1.6000394,44.357235,0.6885948,11.445677,5.384999e-17,11.523337,0.061068412,0.03352972,0.009594987,0.28303728,1.32794575e-17,-4.555842,10.009864,-0.54225224,-5.88097
5.7,0.35572535,5.3014565,1.622929,44.275806,0.68836725,11.442213,1.0273528e-16,11.525061,0.061067108,0.033528984,0.009594882,0.2831157,2.532053e-17,-4.5713305,10.042449,-0.5426557,-5.8984275
5.72,0.36065575,5.2195005,1.6461352,44.193237,0.68813384,11.438648,1.9771059e-16,11.526745,0.06106583,0.033528063,0.009594737,0.2831957,4.8701886e-17,-4.586814,10.074977,-0.54303753,-5.915822
5.74,0.36565277,5.1364355,1.6696624,44.109512,0.6878939,11.434972,3.8385294e-16,11.528386,0.061064567,0.033526946,0.0095945485,0.28327727,9.4503406e-17,-4.6022916,10.107447,-0.54339737,-5.9331536
5.76,0.37071735,5.052245,1.6935151,44.024612,0.6876471,11.431178,7.5192687e-16,11.529983,0.06106333,0.03352562,0.009594311,0.2833606,1.8502445e-16,-4.6177635,10.13986,-0.5437349,-5.950422
5.78,0.37585005,4.96692,1.7176965,43.93853,0.68739283,11.427257,1.486262e-15,11.531531,0.061062116,0.03352407,0.0095940195,0.2834458,3.6553077e-16,-4.6332283,10.1722145,-0.5440498,-5.9676256
5.8,0.38105187,4.8804436,1.7422117,43.851242,0.68713033,11.423196,2.964674e-15,11.533028,0.061060924,0.033522274,0.00959367,0.28353307,7.2876057e-16,-4.6486864,10.204512,-0.5443417,-5.984765
5.82,0.3863236,4.7928023,1.7670648,43.762737,0.6868592,11.418988,5.968547e-15,11.534469,0.061059754,0.033520225,0.009593257,0.28362247,1.4664255e-15,-4.6641374,10.236751,-0.5446102,-6.0018396
5.84,0.3916661,4.7039824,1.7922603,43.672997,0.6865787,11.414623,1.2128719e-14,11.53585,0.0610586,0.033517893,0.009592775,0.28371423,2.9784755e-15,-4.67958,10.268931,-0.54485494,-6.018849
5.86,0.39708024,4.6139693,1.8178025,43.582005,0.6862878,11.410085,2.4880786e-14,11.5371685,0.061057463,0.033515267,0.009592222,0.28380838,6.1071003e-15,-4.695015,10.301055,-0.5450754,-6.0357924
5.88,0.40256682,4.522749,1.843696,43.489746,0.68598616,11.405365,5.1530462e-14,11.538415,0.061056346,0.033512324,0.009591591,0.28390512,1.26424445e-14,-4.710441,10.333119,-0.5452712,-6.0526695
5.9,0.4081267,4.430308,1.8699452,43.396202,0.6856727,11.400447,1.0776052e-13,11.53959,0.06105524,0.033509046,0.009590878,0.28400454,2.642572e-14,-4.7258577,10.365126,-0.54544187,-6.0694795
5.92,0.41376075,4.3366313,1.8965545,43.301357,0.6853466,11.39532,2.2756252e-13,11.540684,0.061054148,0.033505406,0.009590082,0.2841067,5.577917e-14,-4.7412643,10.397074,-0.5455868,-6.0862217
5.94,0.41946977,4.241706,1.9235284,43.205193,0.68500674,11.389965,4.853243e-13,11.541688,0.061053053,0.033501394,0.009589197,0.28421167,1.1890808e-13,-4.75666,10.428963,-0.5457055,-6.102895
5.96,0.4252546,4.1455173,1.9508716,43.107697,0.6846522,11.384369,1.0454486e-12,11.542596,0.061051965,0.033496976,0.009588223,0.28431946,2.5603174e-13,-4.7720447,10.460793,-0.5457973,-6.1194983
5.98,0.4311161,4.0480514,1.9785885,43.008846,0.684282,11.378514,2.2749053e-12,11.5434,0.061050866,0.033492137,0.0095871575,0.28443006,5.5689047e-13,-4.787417,10.492562,-0.5458616,-6.1360307
6.0,0.43705508,3.9492943,2.0066836,42.908627,0.68389493,11.372384,5.0010443e-12,11.544087,0.06104976,0.033486858,0.009586002,0.28454342,1.2237304e-12,-4.8027763,10.524272,-0.5458978,-6.152491
6.02,0.44307235,3.8492327,2.0351613,42.807022,0.6834896,11.365959,1.1108165e-11,11.544649,0.06104863,0.033481117,0.009584756,0.28465936,2.7169952e-12,-4.818122,10.555921,-0.5459051,-6.168878
6.04,0.44916874,3.7478523,2.064026,42.704014,0.6830652,11.359221,2.4932107e-11,11.5450735,0.061047483,0.033474896,0.009583422,0.28477773,6.095786e-12,-4.8334527,10.587508,-0.5458829,-6.18519
6.06,0.45534506,3.64514,2.0932825,42.599586,0.6826197,11.352146,5.655357e-11,11.545347,0.061046295,0.033468176,0.009582004,0.28489828,1.3821563e-11,-4.8487673,10.619034,-0.5458303,-6.201426
6.08,0.4616021,3.5410824,2.1229346,42.49372,0.6821521,11.344712,1.2965642e-10,11.545454,0.061045073,0.033460945,0.009580507,0.28502062,3.1675187e-11,-4.864065,10.650496,-0.5457466,-6.217584
6.1,0.46794063,3.435666,2.152987,42.386402,0.68166065,11.336895,3.0047817e-10,11.545383,0.061043806,0.033453185,0.009578939,0.28514442,7.337822e-11,-4.879345,10.681893,-0.545631,-6.233662
6.12,0.47436142,3.3288784,2.1834435,42.27761,0.68114346,11.328667,7.0398964e-10,11.5451145,0.061042484,0.033444893,0.009577305,0.2852691,1.718502e-10,-4.8946056,10.713226,-0.5454826,-6.2496586
6.14,0.4808652,3.2207067,2.2143083,42.16733,0.6805986,11.319993,1.6676454e-09,11.544637,0.0610411,0.03343605,0.0095756175,0.2853942,4.0692716e-10,-4.9098454,10.7444935,-0.5453005,-6.2655716
6.16,0.48745272,3.1111388,2.2455852,42.05555,0.6800237,11.310837,3.9946215e-09,11.543931,0.061039668,0.03342665,0.009573885,0.28551903,9.743538e-10,-4.925063,10.775694,-0.5450839,-6.281399
6.18,0.49412462,3.000163,2.2772777,41.94224,0.679416,11.301153,9.676745e-09,11.54298,0.06103817,0.033416696,0.00957212,0.28564298,2.3593727e-09,-4.940258,10.806826,-0.5448319,-6.297138
6.2,0.50088155,2.8877683,2.3093894,41.827396,0.6787721,11.290888,2.3709026e-08,11.541768,0.06103661,0.03340619,0.009570335,0.28576523,5.7783556e-09,-4.955428,10.837888,-0.54454356,-6.312787
6.22,0.50772417,2.7739441,2.3419232,41.710995,0.67808825,11.279978,5.875857e-08,11.540279,0.061034985,0.03339512,0.009568539,0.2858851,1.4314666e-08,-4.970572,10.868879,-0.54421806,-6.3283434
6.24,0.51465297,2.658681,2.374882,41.59302,0.6773592,11.268338,1.4731576e-07,11.538499,0.0610333,0.033383504,0.009566748,0.28600177,3.587351e-08,-4.985688,10.899798,-0.5438545,-6.343805
6.26,0.5216687,2.5419676,2.408269,41.473454,0.6765793,11.255874,3.7367442e-07,11.536412,0.061031573,0.033371337,0.009564971,0.28611448,9.095506e-08,-5.000776,10.930644,-0.54345196,-6.3591695
6.28,0.5287713,2.4238029,2.442084,41.352283,0.6757408,11.242455,9.589966e-07,11.534008,0.06102979,0.03335863,0.009563219,0.28622252,2.3332039e-07,-5.0158324,10.961413,-0.5430097,-6.374434
6.3,0.5359612,2.304179,2.4763293,41.229492,0.67483395,11.227924,2.4903259e-06,11.531275,0.061027978,0.033345398,0.009561503,0.28632513,6.0560075e-07,-5.030857,10.992106,-0.5425269,-6.3895965
6.32,0.54323864,2.1830933,2.5110052,41.105064,0.673847,11.212081,6.5437735e-06,11.528201,0.06102614,0.033331636,0.009559831,0.28642175,1.5905397e-06,-5.0458484,11.02272,-0.54200286,-6.4046545
6.34,0.5506035,2.0605464,2.5461106,40.978985,0.6727643,11.194667,1.7399525e-05,11.524785,0.061024282,0.033317372,0.00955821,0.28651172,4.2269835e-06,-5.060805,11.053255,-0.5414369,-6.4196057
6.36,0.5580555,1.9365429,2.581644,40.85124,0.6715658,11.175346,4.6813642e-05,11.52102,0.061022416,0.033302613,0.0095566455,0.28659463,1.1366654e-05,-5.0757256,11.083709,-0.5408285,-6.434448
6.38,0.5655941,1.8110924,2.6176014,40.721806,0.67022634,11.153687,0.00012743882,11.516906,0.061020546,0.033287372,0.0095551405,0.28667003,3.0925643e-05,-5.0906096,11.114079,-0.54017717,-6.4491787
6.4,0.57321817,1.6842117,2.6539762,40.590675,0.6687143,11.129112,0.00035096094,11.512446,0.06101869,0.033271678,0.009553701,0.28673768,8.511811e-05,-5.1054554,11.144366,-0.53948253,-6.4637966
6.42,0.58092624,1.5559268,2.6907573,40.457836,0.66699076,11.100847,0.0009775294,11.5076475,0.06101685,0.033255547,0.009552325,0.28679737,0.00023693462,-5.1202626,11.174567,-0.5387444,-6.4782996
6.44,0.5887162,1.4262764,2.727924,40.32327,0.6650161,11.067829,0.002752339,11.502519,0.061015036,0.033239014,0.009551015,0.28684905,0.00066669245,-5.1350307,11.204682,-0.5379626,-6.4926863
6.46,0.5965855,1.2953169,2.765435,40.186962,0.66277057,11.028566,0.007826207,11.497076,0.061013244,0.03322212,0.00954977,0.28689274,0.0018944786,-5.1497593,11.23471,-0.53713727,-6.5069556
6.48,0.60453147,1.1631296,2.8031943,40.048904,0.66032934,10.980896,0.022425186,11.491337,0.06101149,0.033204902,0.009548589,0.28692853,0.005424748,-5.1644483,11.264648,-0.53626865,-6.5211067
6.5,0.61255383,1.0298321,2.8409579,39.909084,0.65808696,10.921576,0.06440724,11.485327,0.061009772,0.033187427,0.009547469,0.28695658,0.015569521,-5.1790977,11.294498,-0.5353572,-6.5351386
6.52,0.6206621,0.8955967,2.8780744,39.767487,0.6573607,10.845527,0.1828551,11.47907,0.06100809,0.03316976,0.009546405,0.28697693,0.044171203,-5.1937084,11.324259,-0.53440344,-6.549052
6.54,0.6288943,0.76068014,2.9128458,39.624092,0.66152894,10.744334,0.4952643,11.472587,0.06100644,0.033151966,0.009545379,0.28698933,0.119553134,-5.2082815,11.3539295,-0.5334082,-6.5628467
6.56,0.6373481,0.6254791,2.9414818,39.47887,0.67572355,10.60304,1.1843319,11.465891,0.061004825,0.033134103,0.009544356,0.2869929,0.28569356,-5.222819,11.38351,-0.5323725,-6.576525
6.58,0.64616174,0.4906519,2.958397,39.331757,0.69783705,10.392469,2.2407026,11.458996,0.06100321,0.03311624,0.009543276,0.2869864,0.5401844,-5.2373233,11.413,-0.53129727,-6.5900908
6.6,0.65534055,0.35744178,2.9607682,39.182667,0.7088397,10.048255,3.208494,11.451987,0.06100156,0.033098504,0.009542125,0.28697065,0.773086,-5.2517996,11.442401,-0.530184,-6.6035485
6.62,0.6646019,0.22858426,2.9513006,39.03155,0.687612,9.402482,3.758302,11.445073,0.060999893,0.03308126,0.009540978,0.28694955,0.9051579,-5.2662525,11.471712,-0.529035,-6.6169047
6.64,0.67334557,0.111243926,2.9328809,38.87845,0.60458064,7.9151025,3.9899127,11.438653,0.060998205,0.033065334,0.009539991,0.28692952,0.9606075,-5.280688,11.500937,-0.5278542,-6.630167
6.66,0.68010664,0.027808256,2.9021492,38.7236,0.37549746,4.1130633,4.068473,11.433723,0.06099653,0.033052903,0.009539515,0.28692293,0.9793895,-5.295112,11.530086,-0.5266487,-6.643345
6.68,0.68351996,0.0,2.8545706,38.56764,0.1254355,0.0,4.084477,11.431168,0.060994886,0.03304593,0.009539833,0.286941,0.983433,-5.309538,11.559179,-0.52543277,-6.656456
6.7,0.6852364,0.0,2.7986743,38.411182,0.12536772,0.0,4.0829735,11.429737,0.060993284,0.033041656,0.009540488,0.2869707,0.98343706,-5.323972,11.588232,-0.5242157,-6.6695127
6.72,0.6869562,0.0,2.742659,38.254356,0.12529707,0.0,4.0813766,11.428258,0.06099169,0.033037417,0.009541065,0.28699932,0.98344135,-5.3384185,11.6172495,-0.5230015,-6.6825194
6.74,0.68867934,0.0,2.6865258,38.097157,0.12522334,0.0,4.079678,11.426726,0.060990117,0.033033222,0.009541564,0.28702682,0.9834458,-5.3528767,11.646232,-0.52179086,-6.6954765
6.76,0.6904058,0.0,2.6302745,37.93958,0.12514645,0.0,4.0778747,11.425141,0.060988553,0.033029076,0.009541984,0.2870533,0.98345053,-5.367348,11.675178,-0.5205845,-6.7083845
6.78,0.69213545,0.0,2.5739095,37.78163,0.12506607,0.0,4.0759573,11.423501,0.060987003,0.033024974,0.009542323,0.2870787,0.98345554,-5.381832,11.704084,-0.5193832,-6.721244
6.8,0.6938683,0.0,2.5174305,37.623314,0.12498203,0.0,4.07392,11.421806,0.06098546,0.03302093,0.009542582,0.28710318,0.9834607,-5.3963294,11.732952,-0.5181875,-6.734055
6.82,0.69560426,0.0,2.4608395,37.464622,0.12489406,0.0,4.0717535,11.420051,0.060983934,0.033016935,0.009542758,0.28712672,0.9834661,-5.4108405,11.76178,-0.5169981,-6.746819
6.84,0.69734335,0.0,2.404138,37.30556,0.12480189,0.0,4.069449,11.418237,0.060982406,0.033013005,0.00954285,0.28714934,0.98347175,-5.425366,11.790566,-0.5158156,-6.7595363
6.86,0.6990855,0.0,2.3473282,37.146126,0.12470526,0.0,4.066999,11.416362,0.060980886,0.033009138,0.009542859,0.28717113,0.9834778,-5.439905,11.81931,-0.5146405,-6.7722077
6.88,0.7008305,0.0,2.2904117,36.98632,0.124603815,0.0,4.0643916,11.414422,0.060979374,0.033005334,0.009542783,0.2871921,0.9834841,-5.4544587,11.84801,-0.5134733,-6.784834
6.9,0.7025785,0.0,2.233391,36.826145,0.12449724,0.0,4.061617,11.412416,0.060977858,0.0330016,0.00954262,0.2872123,0.9834907,-5.469026,11.876665,-0.5123143,-6.7974153
6.92,0.70432925,0.0,2.1762686,36.665596,0.12438517,0.0,4.058664,11.410343,0.060976345,0.03299794,0.00954237,0.28723174,0.98349774,-5.4836073,11.9052725,-0.51116395,-6.8099527
6.94,0.70608276,0.0,2.1190467,36.504677,0.124267206,0.0,4.0555186,11.408202,0.060974825,0.03299436,0.009542032,0.28725052,0.98350495,-5.498202,11.933831,-0.51002234,-6.822447
6.96,0.70783895,0.0,2.0617282,36.34339,0.124142915,0.0,4.052169,11.405989,0.0609733,0.032990854,0.009541605,0.28726864,0.9835126,-5.5128093,11.962339,-0.5088896,-6.8348985
6.98,0.70959765,0.0,2.0043163,36.181736,0.12401182,0.0,4.0486,11.4037,0.06097177,0.032987427,0.009541087,0.2872861,0.9835207,-5.5274286,11.990796,-0.5077657,-6.847308
7.0,0.71135885,0.0,1.9468143,36.01971,0.12387335,0.0,4.044795,11.401337,0.06097023,0.032984078,0.00954048,0.28730297,0.9835291,-5.542059,12.019198,-0.5066505,-6.8596764
7.02,0.71312237,0.0,1.8892256,35.85732,0.12372704,0.0,4.040737,11.398895,0.06096867,0.03298082,0.00953978,0.28731927,0.983538,-5.556699,12.047544,-0.50554365,-6.872004
7.04,0.7148881,0.0,1.8315542,35.69456,0.1235722,0.0,4.0364075,11.396375,0.060967095,0.03297764,0.00953899,0.28733504,0.98354715,-5.5713468,12.07583,-0.5044447,-6.884292
7.06,0.7166559,0.0,1.7738041,35.531437,0.12340813,0.0,4.031784,11.393775,0.060965504,0.032974545,0.009538109,0.28735024,0.98355687,-5.586001,12.104056,-0.5033531,-6.896541
7.08,0.7184257,0.0,1.7159798,35.367947,0.1232341,0.0,4.0268445,11.391092,0.060963888,0.032971535,0.009537136,0.28736496,0.983567,-5.6006594,12.132219,-0.5022681,-6.9087515
7.1,0.72019726,0.0,1.6580863,35.20409,0.12304929,0.0,4.0215635,11.388326,0.060962245,0.03296861,0.009536074,0.28737915,0.9835776,-5.61532,12.160317,-0.5011887,-6.920924
7.12,0.72197044,0.0,1.600129,35.03987,0.12285265,0.0,4.015911,11.385476,0.060960583,0.032965764,0.0095349215,0.2873928,0.9835886,-5.62998,12.188348,-0.5001139,-6.9330597
7.14,0.72374505,0.0,1.5421137,34.87529,0.12264324,0.0,4.009857,11.382543,0.06095889,0.032963,0.00953368,0.287406,0.9836,-5.644637,12.216308,-0.49904248,-6.945159
7.16,0.72552085,0.0,1.4840467,34.71035,0.12241977,0.0,4.0033636,11.379524,0.060957164,0.032960314,0.009532354,0.2874186,0.9836119,-5.6592875,12.244195,-0.49797308,-6.957222
7.18,0.72729766,0.0,1.4259353,34.545048,0.122180894,0.0,3.9963903,11.376422,0.06095541,0.032957703,0.009530943,0.2874307,0.98362434,-5.6739283,12.272007,-0.49690422,-6.96925
7.2,0.72907525,0.0,1.367787,34.379387,0.12192505,0.0,3.98889,11.373235,0.060953617,0.03295516,0.009529452,0.28744224,0.98363715,-5.688556,12.299741,-0.4958343,-6.9812436
7.22,0.73085326,0.0,1.3096104,34.21337,0.121650375,0.0,3.9808073,11.369968,0.060951795,0.032952677,0.009527884,0.28745317,0.98365027,-5.703168,12.3273945,-0.4947616,-6.9932027
7.24,0.73263144,0.0,1.251415,34.046997,0.12135481,0.0,3.97208,11.366619,0.06094994,0.032950256,0.009526243,0.28746346,0.98366404,-5.7177596,12.354966,-0.49368432,-7.0051284
7.26,0.7344095,0.0,1.19321,33.880264,0.121035814,0.0,3.962632,11.363194,0.060948055,0.032947887,0.009524535,0.28747308,0.9836781,-5.7323284,12.382453,-0.49260065,-7.017021
7.28,0.736187,0.0,1.1350101,33.713184,0.12069045,0.0,3.9523754,11.3596945,0.06094613,0.03294556,0.009522765,0.28748193,0.9836925,-5.7468696,12.409852,-0.49150872,-7.0288806
7.3,0.73796344,0.0,1.0768274,33.545753,0.1203152,0.0,3.941204,11.356124,0.060944177,0.032943267,0.00952094,0.28749,0.98370725,-5.76138,12.437162,-0.4904066,-7.0407076
7.32,0.73973835,0.0,1.0186771,33.37797,0.11990581,0.0,3.9289904,11.352486,0.0609422,0.032941,0.009519066,0.28749722,0.9837225,-5.775857,12.464382,-0.4892924,-7.0525026
7.34,0.74151117,0.0,0.9605768,33.20984,0.119457036,0.0,3.9155762,11.348784,0.0609402,0.03293875,0.009517152,0.2875035,0.98373795,-5.7902966,12.4915085,-0.4881643,-7.0642653
7.36,0.74328125,0.0,0.90254676,33.041363,0.11896246,0.0,3.9007683,11.345027,0.060938176,0.032936502,0.009515205,0.28750882,0.9837536,-5.8046956,12.518541,-0.48702043,-7.075996
7.38,0.7450478,0.0,0.84461075,32.87254,0.11841413,0.0,3.8843257,11.341218,0.060936138,0.032934252,0.009513237,0.28751302,0.98376966,-5.8190517,12.545479,-0.4858591,-7.0876946
7.4,0.7468099,0.0,0.78679675,32.703373,0.11780184,0.0,3.86594,11.337362,0.060934097,0.032931987,0.009511254,0.2875161,0.9837858,-5.8333626,12.57232,-0.48467863,-7.099361
7.42,0.74856645,0.0,0.7291382,32.533867,0.11711265,0.0,3.8452191,11.333468,0.06093204,0.0329297,0.009509266,0.28751794,0.9838021,-5.847626,12.599064,-0.48347744,-7.110995
7.44,0.7503161,0.0,0.6716756,32.36402,0.116329655,0.0,3.8216517,11.329541,0.060929995,0.032927368,0.009507287,0.2875185,0.9838186,-5.8618407,12.6257105,-0.48225415,-7.122596
7.46,0.7520572,0.0,0.6144588,32.19384,0.115430534,0.0,3.7945602,11.325593,0.06092796,0.03292499,0.009505324,0.28751773,0.9838351,-5.8760047,12.65226,-0.4810074,-7.134163
7.48,0.75378776,0.0,0.5575498,32.023323,0.11438528,0.0,3.7630327,11.321628,0.060925946,0.03292256,0.009503391,0.28751552,0.9838516,-5.8901176,12.678713,-0.47973597,-7.1456957
7.5,0.75550514,0.0,0.5010274,31.852476,0.11315247,0.0,3.7258132,11.317654,0.060923956,0.03292005,0.009501497,0.2875119,0.9838681,-5.904179,12.70507,-0.47843876,-7.157193
7.52,0.75720596,0.0,0.44499382,31.681303,0.111674,0.0,3.6811352,11.3136835,0.060922004,0.03291747,0.009499655,0.28750682,0.9838845,-5.918189,12.731332,-0.4771148,-7.1686544
7.54,0.7588858,0.0,0.38958442,31.509808,0.109865725,0.0,3.6264422,11.309728,0.060920104,0.032914795,0.009497877,0.2875003,0.9839008,-5.932148,12.7575,-0.47576317,-7.1800785
7.56,0.76053864,0.0,0.33498338,31.337994,0.107602395,0.0,3.557926,11.305796,0.060918257,0.03291203,0.009496174,0.28749236,0.9839168,-5.946057,12.783576,-0.47438306,-7.1914635
7.58,0.7621559,0.0,0.28144878,31.16587,0.104691,0.0,3.469719,11.301904,0.060916472,0.032909166,0.009494561,0.28748313,0.9839324,-5.9599166,12.809562,-0.47297373,-7.202808
7.6,0.76372534,0.0,0.22935486,30.993446,0.10082322,0.0,3.3524466,11.29807,0.06091476,0.0329062,0.009493051,0.28747272,0.98394763,-5.973729,12.83546,-0.47153452,-7.2141104
7.62,0.7652284,0.0,0.17926475,30.820732,0.09548885,0.0,3.1905932,11.29432,0.06091312,0.03290313,0.0094916625,0.2874615,0.9839623,-5.9874964,12.861272,-0.47006482,-7.2253685
7.64,0.76663613,0.0,0.13205875,30.647745,0.08782377,0.0,2.9578805,11.290688,0.060911566,0.032899972,0.009490414,0.2874499,0.98397624,-6.0012207,12.887001,-0.46856412,-7.2365804
7.66,0.7679021,0.0,0.08915103,30.474508,0.076400176,0.0,2.6108816,11.287227,0.060910095,0.032896746,0.009489333,0.28743878,0.98398894,-6.014905,12.91265,-0.46703202,-7.247743
7.68,0.76895297,0.0,0.05277049,30.30106,0.059300493,0.0,2.0912638,11.284015,0.06090871,0.032893486,0.00948846,0.28742948,0.98400015,-6.0285525,12.938224,-0.46546832,-7.2588544
7.7,0.76969206,0.0,0.025861287,30.127455,0.036152314,0.0,1.3876493,11.281152,0.060907386,0.032890264,0.009487837,0.28742382,0.98400927,-6.042166,12.963726,-0.46387318,-7.269912
7.72,0.77006096,0.0,0.01020336,29.953766,0.013189932,0.0,0.689553,11.278695,0.060906105,0.03288713,0.009487487,0.28742316,0.9840158,-6.055751,12.989162,-0.46224704,-7.2809114
7.74,0.77013683,0.0,0.003451922,29.780064,-0.00085057877,0.0,0.2626435,11.276556,0.06090483,0.032884076,0.009487367,0.28742653,0.98402035,-6.0693097,13.014538,-0.46059027,-7.291851
7.76,0.7700682,0.0,0.001094437,29.60639,-0.006624076,0.0,0.08708146,11.274573,0.060903538,0.032881033,0.0094874045,0.28743166,0.9840238,-6.0828457,13.039856,-0.4589025,-7.302729
7.78,0.76994693,0.0,0.0003395357,29.432774,-0.0085863285,0.0,0.027411379,11.27265,0.060902216,0.03287796,0.009487559,0.28743696,0.9840267,-6.0963607,13.065118,-0.45718285,-7.313543
7.8,0.7698086,0.0,0.00010463665,29.259216,-0.0092089055,0.0,0.008484171,11.270745,0.060900867,0.032874834,0.009487821,0.28744182,0.98402935,-6.109856,13.090324,-0.45542985,-7.3242908
7.82,0.7696649,0.0,3.2189244e-05,29.08572,-0.009402302,0.0,0.0026128523,11.268844,0.06089946,0.032871645,0.0094881905,0.287446,0.9840315,-6.1233344,13.115476,-0.4536419,-7.334971
7.84,0.76951957,0.0,9.899952e-06,28.912287,-0.00946226,0.0,0.0008036774,11.266936,0.060898,0.032868385,0.009488676,0.2874493,0.9840336,-6.136797,13.140572,-0.45181718,-7.3455815
7.86,0.7693738,0.0,3.0454871e-06,28.738916,-0.009481159,0.0,0.00024718192,11.265017,0.060896467,0.03286506,0.009489283,0.28745165,0.9840352,-6.150246,13.165611,-0.44995382,-7.35612
7.88,0.76922786,0.0,9.3722724e-07,28.565607,-0.009487525,0.0,7.6045864e-05,11.263078,0.060894858,0.032861654,0.009490023,0.28745297,0.9840365,-6.1636834,13.190596,-0.44804978,-7.366585
7.9,0.7690819,0.0,2.8854708e-07,28.39236,-0.009490136,0.0,2.3404868e-05,11.261114,0.06089315,0.032858174,0.009490905,0.28745306,0.9840375,-6.177111,13.215524,-0.44610286,-7.3769727
7.92,0.7689359,0.0,8.887466e-08,28.21918,-0.0094917035,0.0,7.206473e-06,11.259115,0.060891334,0.032854605,0.00949194,0.2874518,0.984038,-6.1905313,13.240395,-0.44411075,-7.387281
7.94,0.76878995,0.0,2.73861e-08,28.04606,-0.009493067,0.0,2.2198813e-06,11.257072,0.060889382,0.03285096,0.00949314,0.2874491,0.9840381,-6.203946,13.265207,-0.442071,-7.397507
7.96,0.768644,0.0,8.44255e-09,27.873007,-0.009494495,0.0,6.8411316e-07,11.254974,0.060887285,0.03284721,0.009494517,0.28744474,0.98403776,-6.217358,13.289962,-0.439981,-7.407648
7.98,0.768498,0.0,2.6038038e-09,27.700018,-0.009496081,0.0,2.1091996e-07,11.252811,0.06088502,0.032843374,0.009496087,0.28743848,0.984037,-6.2307696,13.314657,-0.43783808,-7.4177003
8.0,0.76835203,0.0,8.034041e-10,27.527096,-0.009497861,0.0,6.5057705e-08,11.250568,0.06088256,0.03283944,0.009497863,0.28743017,0.98403543,-6.244183,13.339292,-0.43563935,-7.427661
8.02,0.76820606,0.0,2.4799462e-10,27.354239,-0.009499861,0.0,2.0075321e-08,11.248231,0.060879875,0.0328354,0.009499862,0.28741953,0.98403335,-6.2576013,13.363865,-0.43338186,-7.437526
8.04,0.7680601,0.0,7.658768e-11,27.18146,-0.009502101,0.0,6.1977614e-09,11.245786,0.06087694,0.03283125,0.009502101,0.2874063,0.9840306,-6.271026,13.388373,-0.4310627,-7.4472923
8.06,0.7679141,0.0,2.3661885e-11,27.008743,-0.009504599,0.0,1.9141715e-09,11.243213,0.060873717,0.03282699,0.009504599,0.28739014,0.98402715,-6.2844615,13.412819,-0.4286785,-7.456956
8.08,0.76776814,0.0,7.313894e-12,26.83611,-0.009507373,0.0,5.9147404e-10,11.240495,0.06087017,0.03282261,0.009507373,0.28737077,0.98402274,-6.297909,13.437197,-0.42622638,-7.4665127
8.1,0.7676221,0.0,2.2616336e-12,26.663542,-0.009510448,0.0,1.828372e-10,11.23761,0.060866266,0.0328181,0.009510448,0.28734782,0.98401755,-6.311372,13.461507,-0.42370287,-7.4759593
8.12,0.7674761,0.0,6.9968955e-13,26.49106,-0.009513845,0.0,5.65461e-11,11.234539,0.060861956,0.032813456,0.009513845,0.2873209,0.9840115,-6.3248525,13.485745,-0.42110503,-7.485291
8.14,0.76733005,0.0,2.1655274e-13,26.318653,-0.009517586,0.0,1.7495052e-11,11.231257,0.0608572,0.03280867,0.009517586,0.2872896,0.98400426,-6.338354,13.509913,-0.41842946,-7.4945045
8.16,0.76718396,0.0,6.7055235e-14,26.14634,-0.009521696,0.0,5.4154923e-12,11.227745,0.06085194,0.032803733,0.009521696,0.28725344,0.98399585,-6.351878,13.534006,-0.4156734,-7.503595
8.18,0.7670378,0.0,2.0772002e-14,25.974106,-0.009526201,0.0,1.6770132e-12,11.223975,0.060846116,0.03279863,0.009526201,0.287212,0.98398626,-6.365428,13.558023,-0.41283366,-7.5125594
8.2,0.76689166,0.0,6.437786e-15,25.801973,-0.0095311245,0.0,5.1957283e-13,11.21993,0.060839687,0.03279335,0.0095311245,0.28716475,0.9839753,-6.3790045,13.581961,-0.40990776,-7.521393
8.22,0.76674545,0.0,1.996059e-15,25.629929,-0.0095364945,0.0,1.6104007e-13,11.215582,0.06083258,0.032787874,0.0095364945,0.28711122,0.98396295,-6.392611,13.605818,-0.40689293,-7.5300927
8.24,0.7665992,0.0,6.191918e-16,25.457994,-0.009542336,0.0,4.9938457e-14,11.210913,0.06082472,0.032782186,0.009542336,0.2870509,0.983949,-6.4062476,13.62959,-0.40378723,-7.538655
8.26,0.76645285,0.0,1.9215787e-16,25.28616,-0.009548673,0.0,1.5492295e-14,11.205906,0.060816057,0.032776255,0.009548673,0.28698322,0.9839332,-6.4199166,13.653278,-0.40058845,-7.5470767
8.28,0.76630646,0.0,5.966357e-17,25.114445,-0.009555532,0.0,4.8085353e-15,11.200545,0.060806505,0.032770056,0.009555532,0.2869077,0.9839156,-6.433618,13.676878,-0.3972954,-7.5553546
8.3,0.76615995,0.0,1.8532965e-17,24.942839,-0.009562932,0.0,1.4931125e-15,11.194822,0.060796004,0.032763552,0.009562932,0.2868238,0.983896,-6.447354,13.700388,-0.39390656,-7.5634866
8.32,0.7660134,0.0,5.7597314e-18,24.771364,-0.009570895,0.0,4.6386515e-16,11.188731,0.060784467,0.032756712,0.009570895,0.28673115,0.9838742,-6.4611225,13.723805,-0.39042157,-7.57147
8.34,0.7658667,0.0,1.7908034e-18,24.600012,-0.009579436,0.0,1.4417073e-16,11.182278,0.06077183,0.032749485,0.009579436,0.28662917,0.98385024,-6.474925,13.747129,-0.38683984,-7.579303
8.36,0.7657199,0.0,5.5708267e-19,24.4288,-0.009588567,0.0,4.4831786e-17,11.175473,0.06075801,0.032741815,0.009588567,0.2865176,0.98382366,-6.4887595,13.770356,-0.38316184,-7.5869837
8.38,0.76557297,0.0,1.7337419e-19,24.25772,-0.009598294,0.0,1.3947152e-17,11.168339,0.060742944,0.03273365,0.009598294,0.286396,0.9837945,-6.5026264,13.793487,-0.3793879,-7.594512
8.4,0.7654259,0.0,5.398584e-20,24.086794,-0.00960862,0.0,4.341231e-18,11.160908,0.060726576,0.03272492,0.00960862,0.28626424,0.9837626,-6.516523,13.816516,-0.37551934,-7.6018863
8.42,0.76527876,0.0,1.6817965e-20,23.916008,-0.009619539,0.0,1.3518725e-18,11.153222,0.060708832,0.032715555,0.009619539,0.2861221,0.98372793,-6.530449,13.839446,-0.37155733,-7.6091065
8.44,0.7651315,0.0,5.242068e-21,23.745382,-0.009631037,0.0,4.2120308e-19,11.145337,0.06068968,0.03270547,0.009631037,0.2859696,0.9836902,-6.5444007,13.862272,-0.36750406,-7.616173
8.46,0.764984,0.0,1.6346886e-21,23.574903,-0.0096430965,0.0,1.3129486e-19,11.137316,0.060669072,0.032694593,0.0096430965,0.28580666,0.98364925,-6.5583777,13.884995,-0.3633614,-7.6230855
8.48,0.7648364,0.0,5.100448e-22,23.404589,-0.009655687,0.0,4.094889e-20,11.129237,0.060646977,0.032682832,0.009655687,0.28563347,0.9836052,-6.5723763,13.907613,-0.3591322,-7.629845
8.5,0.7646886,0.0,1.5921707e-22,23.234423,-0.009668774,0.0,1.2777391e-20,11.121185,0.060623385,0.0326701,0.009668774,0.2854503,0.9835579,-6.586395,13.930125,-0.35481888,-7.636453
8.52,0.7645407,0.0,4.9727772e-23,23.064411,-0.009682315,0.0,3.989036e-21,11.113254,0.0605983,0.032656316,0.009682315,0.2852575,0.9835073,-6.60043,13.95253,-0.35042465,-7.64291
8.54,0.76439255,0.0,1.5540181e-23,22.89456,-0.00969626,0.0,1.2460615e-21,11.105538,0.06057172,0.032641403,0.00969626,0.28505546,0.98345345,-6.614478,13.974826,-0.34595293,-7.649217
8.56,0.7642442,0.0,4.858783e-24,22.72485,-0.009710552,0.0,3.8942468e-22,11.098145,0.060543686,0.032625284,0.009710552,0.2848447,0.98339623,-6.628538,13.997013,-0.34140664,-7.655376
8.58,0.76409566,0.0,1.5200233e-24,22.55529,-0.009725131,0.0,1.2177482e-22,11.091171,0.060514238,0.03260791,0.009725131,0.28462586,0.98333585,-6.642606,14.019089,-0.33678967,-7.661388
8.6,0.76394695,0.0,4.757624e-25,22.385859,-0.009739932,0.0,3.8098482e-23,11.08472,0.06048342,0.03258923,0.009739932,0.2843995,0.9832723,-6.65668,14.041054,-0.3321051,-7.667255
8.62,0.76379806,0.0,1.4899906e-25,22.216562,-0.009754886,0.0,1.1926441e-23,11.078885,0.0604513,0.032569226,0.009754886,0.2841664,0.983206,-6.670757,14.062905,-0.32735696,-7.672978
8.64,0.7636489,0.0,4.6686945e-26,22.047375,-0.009769927,0.0,3.7353605e-24,11.073753,0.06041796,0.032547884,0.009769927,0.28392726,0.9831367,-6.6848345,14.084644,-0.32254836,-7.678559
8.66,0.7634996,0.0,1.463732e-26,21.8783,-0.009784984,0.0,1.170601e-24,11.0694065,0.060383476,0.032525238,0.009784984,0.28368282,0.983065,-6.6989093,14.106268,-0.3176833,-7.683999
8.68,0.76335007,0.0,4.5914077e-27,21.70931,-0.009799995,0.0,3.6703233e-25,11.06591,0.06034794,0.03250132,0.009799995,0.2834339,0.982991,-6.7129803,14.127776,-0.31276488,-7.6893
8.7,0.76320034,0.0,1.441064e-27,21.54041,-0.009814893,0.0,1.1514745e-25,11.063319,0.060311444,0.032476217,0.009814893,0.2831813,0.98291504,-6.727044,14.149166,-0.307797,-7.6944633
8.72,0.76305044,0.0,4.525192e-28,21.371565,-0.00982962,0.0,3.6142867e-26,11.06168,0.06027408,0.03245001,0.00982962,0.28292584,0.98283744,-6.7410994,14.170439,-0.30278265,-7.69949
8.74,0.76290035,0.0,1.4218082e-28,21.20278,-0.00984412,0.0,1.1351246e-26,11.061021,0.06023595,0.03242283,0.00984412,0.2826684,0.9827588,-6.755143,14.191589,-0.2977256,-7.704381
8.76,0.76275,0.0,4.4694876e-29,21.034021,-0.009858346,0.0,3.5668095e-27,11.061363,0.06019714,0.032394823,0.009858346,0.2824098,0.98267925,-6.7691746,14.21262,-0.29262856,-7.7091374
8.78,0.7625995,0.0,1.4057901e-29,20.865292,-0.009872252,0.0,1.121413e-27,11.062713,0.06015775,0.032366157,0.009872252,0.2821509,0.9825994,-6.7831907,14.233525,-0.28749517,-7.7137594
8.8,0.76244885,0.0,4.4237535e-30,20.69656,-0.009885805,0.0,3.5274618e-28,11.065065,0.060117878,0.032337014,0.009885805,0.2818926,0.9825196,-6.7971907,14.254306,-0.28232792,-7.7182484
8.82,0.762298,0.0,1.3928423e-30,20.527826,-0.009898973,0.0,1.1102051e-28,11.068411,0.06007758,0.032307595,0.009898973,0.28163576,0.98244035,-6.811172,14.274958,-0.2771302,-7.7226043
8.84,0.762147,0.0,4.387478e-31,20.359058,-0.009911733,0.0,3.4958265e-29,11.072729,0.060036954,0.032278102,0.009911733,0.28138122,0.9823621,-6.825134,14.29548,-0.2719042,-7.7268276
8.86,0.76199585,0.0,1.38281e-31,20.19026,-0.009924066,0.0,1.1013743e-29,11.077995,0.059996065,0.032248747,0.009924066,0.28112987,0.9822854,-6.839073,14.315868,-0.2666531,-7.730918
8.88,0.7618445,0.0,4.360193e-32,20.021399,-0.009935964,0.0,3.4715184e-30,11.084177,0.05995495,0.032219723,0.009935964,0.28088236,0.9822104,-6.85299,14.3361225,-0.26137882,-7.7348757
8.9,0.76169306,0.0,1.3755532e-32,19.852478,-0.009947414,0.0,1.0948032e-30,11.091245,0.059913673,0.03219124,0.009947414,0.28063953,0.98213756,-6.866882,14.356238,-0.25608423,-7.7387
8.92,0.7615414,0.0,4.3414908e-33,19.68347,-0.009958415,0.0,3.454189e-31,11.099165,0.059872262,0.032163464,0.009958415,0.28040195,0.9820672,-6.8807473,14.376214,-0.25077096,-7.7423906
8.94,0.7613897,0.0,1.370955e-33,19.514376,-0.00996897,0.0,1.0903907e-31,11.1079,0.059830733,0.03213657,0.00996897,0.28017014,0.9819995,-6.894584,14.396045,-0.24544153,-7.7459464
8.96,0.7612378,0.0,4.331038e-34,19.34517,-0.009979079,0.0,3.443544e-32,11.117415,0.059789084,0.032110695,0.009979079,0.27994457,0.98193467,-6.9083915,14.4157295,-0.24009727,-7.7493668
8.98,0.7610858,0.0,1.3689224e-34,19.175854,-0.00998875,0.0,1.0880525e-32,11.127675,0.059747316,0.03208596,0.00998875,0.27972558,0.98187286,-6.9221663,14.435264,-0.23474036,-7.7526503
9.0,0.7609337,0.0,4.3285858e-35,19.006401,-0.009997991,0.0,3.439351e-33,11.138644,0.0597054,0.03206245,0.009997991,0.27951336,0.9818139,-6.935908,14.454644,-0.2293718,-7.755796
9.02,0.76078147,0.0,1.3693353e-35,18.836811,-0.010006812,0.0,1.0876814e-33,11.150283,0.059663292,0.032040227,0.010006812,0.279308,0.98175794,-6.9496136,14.473868,-0.22399315,-7.7588015
9.04,0.7606292,0.0,4.3339775e-36,18.667082,-0.010015222,0.0,3.4414512e-34,11.162549,0.059620965,0.032019336,0.010015222,0.27910954,0.9817047,-6.9632807,14.49293,-0.21860582,-7.7616653
9.06,0.76047677,0.0,1.3722704e-36,18.497187,-0.010023233,0.0,1.0893285e-34,11.175399,0.05957836,0.031999774,0.010023233,0.27891788,0.9816543,-6.9769077,14.511829,-0.21321023,-7.764386
9.08,0.7603243,0.0,4.3471453e-37,18.327135,-0.010030859,0.0,3.4497562e-35,11.188779,0.059535407,0.03198152,0.010030859,0.2787329,0.9816062,-6.990491,14.53056,-0.20780765,-7.766961
9.1,0.7601717,0.0,1.3776652e-37,18.156902,-0.010030859,0.0,3.4497562e-35,11.188779,0.059535407,0.03198152,0.010030859,0.2787329,0.9816062,-7.004029,14.549119,-0.20239814,-7.769388
